timestamp,user_message,bot_response,confidence
2025-11-29T09:13:07.238598,What are the vegeterian options,"I'm not fully sure about that. Could you rephrase or try a simpler question? You can also ask about menu items, prices, prep time, or dietary info.",0.3591878116130829
2025-11-29T09:13:25.805744,what are the menu items,Yes! Mini pancakes and omelets are available for kids.,0.5054309368133545
2025-11-29T09:13:46.082072,what are the items on the menu,Yes! Mini pancakes and omelets are available for kids.,0.46167486906051636
2025-11-29T09:13:58.223693,Chicken Pie,"Chicken Pie: Price is 350 KES, prep time is 10 mins, dietary info: Contains Meat, Contains Wheat.",1.0000001192092896
2025-11-29T09:24:15.356669,hello,"**Name**
Java House

ğŸ’° Price:  KES  |  â± Prep Time:  mins  |  ğŸ¥— Diet: ",0.4947788715362549
2025-11-29T09:47:28.704623,Build Your Own Omelette - Mushrooms,"**Build Your Own Omelette - Mushrooms**
Build Your Own Omelette - Mushrooms: Price is 210 KES, prep time is 2 mins, dietary info: Vegetarian, Contains Dairy, Contains Eggs, Contains Mushrooms.
ğŸ’° 210 | â± 2.0 | ğŸ¥— Vegetarian, Contains Dairy, Contains Eggs, Contains Mushrooms",1.0000001192092896
2025-11-29T09:48:08.324826,How do i contact you,"**Contact Phone**
+254 722 123 456",0.7068397998809814
2025-11-29T09:55:57.537027,Chocolate Fudge Cake,"**Chocolate Fudge Cake**
Chocolate Fudge Cake: Price is 480 KES, prep time is 7 mins, dietary info: Vegetarian, Contains Dairy, Contains Wheat, Contains Eggs.
ğŸ’° 480 | â± 7.0 | ğŸ¥— Vegetarian, Contains Dairy, Contains Wheat, Contains Eggs",1.0000001192092896
2025-11-29T09:57:03.348618,What time do you open,"**What are your opening hours?**
We are open daily from 9 AM to 11 PM.",0.8098493814468384
2025-11-29T10:07:14.097831,Menu,Yes! Mini pancakes and omelets are available for kids.,0.5106332898139954
2025-11-29T10:18:07.549582,Whats on the menu,"ğŸ½ Giant Beef Samosa: Giant Beef Samosa: Price is 320 KES, prep time is 8 mins, dietary info: Contains Meat, Contains Wheat. | ğŸ’° 320 | â± 8.0 mins | ğŸ¥— Contains Meat, Contains Wheat<br>ğŸ½ Chicken Pie: Chicken Pie: Price is 350 KES, prep time is 10 mins, dietary info: Contains Meat, Contains Wheat. | ğŸ’° 350 | â± 10.0 mins | ğŸ¥— Contains Meat, Contains Wheat<br>ğŸ½ Classic Smash Burger: Classic Smash Burger: Price is 1140 KES, prep time is 15 mins, dietary info: Contains Meat, Contains Dairy, Contains Wheat. | ğŸ’° 1140 | â± 15.0 mins | ğŸ¥— Contains Meat, Contains Dairy, Contains Wheat<br>ğŸ½ Veggie Burger: Veggie Burger: Price is 780 KES, prep time is 15 mins, dietary info: Vegetarian, Contains Dairy, Contains Wheat. | ğŸ’° 780 | â± 15.0 mins | ğŸ¥— Vegetarian, Contains Dairy, Contains Wheat<br>ğŸ½ Chicken Quesadilla: Chicken Quesadilla: Price is 1080 KES, prep time is 12 mins, dietary info: Contains Meat, Contains Dairy, Contains Wheat. | ğŸ’° 1080 | â± 12.0 mins | ğŸ¥— Contains Meat, Contains Dairy, Contains Wheat<br>ğŸ½ Java Special Chicken Curry: Java Special Chicken Curry: Price is 1110 KES, prep time is 20 mins, dietary info: Contains Meat. | ğŸ’° 1110 | â± 20.0 mins | ğŸ¥— Contains Meat<br>ğŸ½ Crispy Chicken Breast Salad: Crispy Chicken Breast Salad: Price is 950 KES, prep time is 12 mins, dietary info: Contains Meat, Contains Nuts. | ğŸ’° 950 | â± 12.0 mins | ğŸ¥— Contains Meat, Contains Nuts<br>ğŸ½ Chocolate Fudge Cake: Chocolate Fudge Cake: Price is 480 KES, prep time is 7 mins, dietary info: Vegetarian, Contains Dairy, Contains Wheat, Contains Eggs. | ğŸ’° 480 | â± 7.0 mins | ğŸ¥— Vegetarian, Contains Dairy, Contains Wheat, Contains Eggs<br>ğŸ½ Double Vanilla Latte: Double Vanilla Latte: Price is 400 KES, prep time is 5 mins, dietary info: Vegetarian, Contains Dairy. | ğŸ’° 400 | â± 5.0 mins | ğŸ¥— Vegetarian, Contains Dairy<br>ğŸ½ Sweet Crepes Combo: Sweet Crepes Combo: Price is 1,240 KES, prep time is 12 mins, dietary info: Contains Dairy, Contains Wheat, Contains Eggs. | ğŸ’° 1,240 | â± 12.0 mins | ğŸ¥— Contains Dairy, Contains Wheat, Contains Eggs<br>ğŸ½ Fruit Salad (plain): Fruit Salad (plain): Price is 550 KES, prep time is 5 mins, dietary info: Vegetarian, Vegan. | ğŸ’° 550 | â± 5.0 mins | ğŸ¥— Vegetarian, Vegan<br>ğŸ½ Fruit Salad with Yogurt, Honey & Nuts: Fruit Salad with Yogurt, Honey & Nuts: Price is 770 KES, prep time is 5 mins, dietary info: Vegetarian, Contains Nuts, Contains Dairy, Contains Honey. | ğŸ’° 770 | â± 5.0 mins | ğŸ¥— Vegetarian, Contains Nuts, Contains Dairy, Contains Honey<br>ğŸ½ Hot Oatmeal Porridge Half Serve: Hot Oatmeal Porridge Half Serve: Price is 360 KES, prep time is 5 mins, dietary info: Vegetarian, Contains Dairy, Contains Nuts. | ğŸ’° 360 | â± 5.0 mins | ğŸ¥— Vegetarian, Contains Dairy, Contains Nuts<br>ğŸ½ Hot Oatmeal Porridge Full Serve: Hot Oatmeal Porridge Full Serve: Price is 750 KES, prep time is 8 mins, dietary info: Vegetarian, Contains Dairy, Contains Nuts. | ğŸ’° 750 | â± 8.0 mins | ğŸ¥— Vegetarian, Contains Dairy, Contains Nuts<br>ğŸ½ Homemade Granola: Homemade Granola: Price is 350 KES, prep time is 5 mins, dietary info: Vegetarian, Contains Nuts. | ğŸ’° 350 | â± 5.0 mins | ğŸ¥— Vegetarian, Contains Nuts<br>ğŸ½ Homemade Granola with Yogurt & Honey/Grapes: Homemade Granola with Yogurt & Honey/Grapes: Price is 740 KES, prep time is 6 mins, dietary info: Vegetarian, Contains Nuts, Contains Dairy, Contains Honey. | ğŸ’° 740 | â± 6.0 mins | ğŸ¥— Vegetarian, Contains Nuts, Contains Dairy, Contains Honey<br>ğŸ½ Al a Carte Sweet Crepes: Al a Carte Sweet Crepes: Price is 300 KES, prep time is 7 mins, dietary info: Contains Dairy, Contains Wheat, Contains Eggs. | ğŸ’° 300 | â± 7.0 mins | ğŸ¥— Contains Dairy, Contains Wheat, Contains Eggs<br>ğŸ½ Single Fluffy Homemade Pancake: Single Fluffy Homemade Pancake: Price is 380 KES, prep time is 7 mins, dietary info: Vegetarian, Contains Dairy, Contains Wheat, Contains Eggs. | ğŸ’° 380 | â± 7.0 mins | ğŸ¥— Vegetarian, Contains Dairy, Contains Wheat, Contains Eggs<br>ğŸ½ Classic Pancakes: Classic Pancakes: Price is 780 KES, prep time is 10 mins, dietary info: Vegetarian, Contains Dairy, Contains Wheat, Contains Eggs. | ğŸ’° 780 | â± 10.0 mins | ğŸ¥— Vegetarian, Contains Dairy, Contains Wheat, Contains Eggs<br>ğŸ½ Pancakes Combo: Pancakes Combo: Price is 1,070 KES, prep time is 12 mins, dietary info: Vegetarian, Contains Dairy, Contains Wheat, Contains Eggs. | ğŸ’° 1,070 | â± 12.0 mins | ğŸ¥— Vegetarian, Contains Dairy, Contains Wheat, Contains Eggs<br>ğŸ½ Al a Carte French Toast: Al a Carte French Toast: Price is 620 KES, prep time is 8 mins, dietary info: Vegetarian, Contains Dairy, Contains Wheat, Contains Eggs. | ğŸ’° 620 | â± 8.0 mins | ğŸ¥— Vegetarian, Contains Dairy, Contains Wheat, Contains Eggs<br>ğŸ½ French Toast Combo: French Toast Combo: Price is 1,260 KES, prep time is 12 mins, dietary info: Vegetarian, Contains Dairy, Contains Wheat, Contains Eggs. | ğŸ’° 1,260 | â± 12.0 mins | ğŸ¥— Vegetarian, Contains Dairy, Contains Wheat, Contains Eggs<br>ğŸ½ Homefry Heaven: Homefry Heaven: Price is 950 KES, prep time is 10 mins, dietary info: Vegetarian, Contains Dairy. | ğŸ’° 950 | â± 10.0 mins | ğŸ¥— Vegetarian, Contains Dairy<br>ğŸ½ Eggs The Way You Like: Eggs The Way You Like: Price is 570 KES, prep time is 7 mins, dietary info: Vegetarian, Contains Eggs, Contains Dairy. | ğŸ’° 570 | â± 7.0 mins | ğŸ¥— Vegetarian, Contains Eggs, Contains Dairy<br>ğŸ½ Eggs The Way You Like with Chips/Homefries: Eggs The Way You Like with Chips/Homefries: Price is 740 KES, prep time is 10 mins, dietary info: Vegetarian, Contains Eggs, Contains Dairy. | ğŸ’° 740 | â± 10.0 mins | ğŸ¥— Vegetarian, Contains Eggs, Contains Dairy<br>ğŸ½ Eggs The Way You Like with Beef Sausage: Eggs The Way You Like with Beef Sausage: Price is 960 KES, prep time is 12 mins, dietary info: Contains Meat, Contains Eggs, Contains Dairy. | ğŸ’° 960 | â± 12.0 mins | ğŸ¥— Contains Meat, Contains Eggs, Contains Dairy<br>ğŸ½ Breakfast Sandwiches - Egg & Cheese: Breakfast Sandwiches - Egg & Cheese: Price is 740 KES, prep time is 7 mins, dietary info: Vegetarian, Contains Eggs, Contains Dairy. | ğŸ’° 740 | â± 7.0 mins | ğŸ¥— Vegetarian, Contains Eggs, Contains Dairy<br>ğŸ½ Breakfast Sandwiches - Egg & Cheese with Beef Sausage: Breakfast Sandwiches - Egg & Cheese with Beef Sausage: Price is 880 KES, prep time is 8 mins, dietary info: Contains Meat, Contains Eggs, Contains Dairy. | ğŸ’° 880 | â± 8.0 mins | ğŸ¥— Contains Meat, Contains Eggs, Contains Dairy<br>ğŸ½ Breakfast Sandwich Combo: Breakfast Sandwich Combo: Price is 1,260 KES, prep time is 12 mins, dietary info: Contains Meat, Contains Eggs, Contains Dairy. | ğŸ’° 1,260 | â± 12.0 mins | ğŸ¥— Contains Meat, Contains Eggs, Contains Dairy<br>ğŸ½ Egg & Veg Omelette Combo: Egg & Veg Omelette Combo: Price is 1,260 KES, prep time is 12 mins, dietary info: Vegetarian, Contains Eggs, Contains Dairy. | ğŸ’° 1,260 | â± 12.0 mins | ğŸ¥— Vegetarian, Contains Eggs, Contains Dairy<br>ğŸ½ Breakfast Maxi Combo: Breakfast Maxi Combo: Price is 1,260 KES, prep time is 15 mins, dietary info: Contains Meat, Contains Eggs, Contains Dairy. | ğŸ’° 1,260 | â± 15.0 mins | ğŸ¥— Contains Meat, Contains Eggs, Contains Dairy<br>ğŸ½ Steak and Eggs: Steak and Eggs: Price is 1,260 KES, prep time is 15 mins, dietary info: Contains Meat, Contains Eggs, Contains Dairy. | ğŸ’° 1,260 | â± 15.0 mins | ğŸ¥— Contains Meat, Contains Eggs, Contains Dairy<br>ğŸ½ Full Java Breakfast Combo: Full Java Breakfast Combo: Price is 1,360 KES, prep time is 15 mins, dietary info: Contains Meat, Contains Eggs, Contains Dairy. | ğŸ’° 1,360 | â± 15.0 mins | ğŸ¥— Contains Meat, Contains Eggs, Contains Dairy<br>ğŸ½ Egg & Cheese Burrito: Egg & Cheese Burrito: Price is 1,030 KES, prep time is 12 mins, dietary info: Vegetarian, Contains Eggs, Contains Dairy. | ğŸ’° 1,030 | â± 12.0 mins | ğŸ¥— Vegetarian, Contains Eggs, Contains Dairy<br>ğŸ½ Omelette Plain: Omelette Plain: Price is 740 KES, prep time is 8 mins, dietary info: Vegetarian, Contains Eggs. | ğŸ’° 740 | â± 8.0 mins | ğŸ¥— Vegetarian, Contains Eggs<br>ğŸ½ Omelette Spanish: Omelette Spanish: Price is 880 KES, prep time is 8 mins, dietary info: Vegetarian, Contains Eggs. | ğŸ’° 880 | â± 8.0 mins | ğŸ¥— Vegetarian, Contains Eggs<br>ğŸ½ Omelette Mushroom, Basil & Cheese: Omelette Mushroom, Basil & Cheese: Price is 980 KES, prep time is 10 mins, dietary info: Vegetarian, Contains Eggs, Contains Dairy. | ğŸ’° 980 | â± 10.0 mins | ğŸ¥— Vegetarian, Contains Eggs, Contains Dairy<br>ğŸ½ Omelette Denver: Omelette Denver: Price is 980 KES, prep time is 10 mins, dietary info: Contains Meat, Contains Eggs, Contains Dairy. | ğŸ’° 980 | â± 10.0 mins | ğŸ¥— Contains Meat, Contains Eggs, Contains Dairy<br>ğŸ½ Build Your Own Omelette - Cheese: Build Your Own Omelette - Cheese: Price is 230 KES, prep time is 2 mins, dietary info: Vegetarian. | ğŸ’° 230 | â± 2.0 mins | ğŸ¥— Vegetarian<br>ğŸ½ Build Your Own Omelette - Beef Sausage: Build Your Own Omelette - Beef Sausage: Price is 340 KES, prep time is 2 mins, dietary info: Vegetarian, Contains Eggs. | ğŸ’° 340 | â± 2.0 mins | ğŸ¥— Vegetarian, Contains Eggs<br>ğŸ½ Build Your Own Omelette - Tomato: Build Your Own Omelette - Tomato: Price is 70 KES, prep time is 1 mins, dietary info: Vegetarian, Contains Eggs, Contains Dairy, Contains Tomato. | ğŸ’° 70 | â± 1.0 mins | ğŸ¥— Vegetarian, Contains Eggs, Contains Dairy, Contains Tomato<br>ğŸ½ Build Your Own Omelette - Onions: Build Your Own Omelette - Onions: Price is 70 KES, prep time is 1 mins, dietary info: Vegetarian, Contains Eggs, Contains Dairy, Contains Onion. | ğŸ’° 70 | â± 1.0 mins | ğŸ¥— Vegetarian, Contains Eggs, Contains Dairy, Contains Onion<br>ğŸ½ Build Your Own Omelette - Bell Pepper: Build Your Own Omelette - Bell Pepper: Price is 70 KES, prep time is 1 mins, dietary info: Vegetarian, Contains Eggs, Contains Dairy, Contains Bell Pepper. | ğŸ’° 70 | â± 1.0 mins | ğŸ¥— Vegetarian, Contains Eggs, Contains Dairy, Contains Bell Pepper<br>ğŸ½ Build Your Own Omelette - Mushrooms: Build Your Own Omelette - Mushrooms: Price is 210 KES, prep time is 2 mins, dietary info: Vegetarian, Contains Dairy, Contains Eggs, Contains Mushrooms. | ğŸ’° 210 | â± 2.0 mins | ğŸ¥— Vegetarian, Contains Dairy, Contains Eggs, Contains Mushrooms<br>ğŸ½ Baked Beans: Baked Beans: Price is 180 KES, prep time is 5 mins, dietary info: Vegetarian. | ğŸ’° 180 | â± 5.0 mins | ğŸ¥— Vegetarian<br>ğŸ½ One Egg: One Egg: Price is 190 KES, prep time is 3 mins, dietary info: Vegetarian, Contains Eggs. | ğŸ’° 190 | â± 3.0 mins | ğŸ¥— Vegetarian, Contains Eggs<br>ğŸ½ Salsa: Salsa: Price is 190 KES, prep time is 2 mins, dietary info: Vegetarian. | ğŸ’° 190 | â± 2.0 mins | ğŸ¥— Vegetarian<br>ğŸ½ Toast: Toast: Price is 190 KES, prep time is 2 mins, dietary info: Vegetarian, Contains Wheat. | ğŸ’° 190 | â± 2.0 mins | ğŸ¥— Vegetarian, Contains Wheat<br>ğŸ½ Honey Peanuts: Honey Peanuts: Price is 230 KES, prep time is 1 mins, dietary info: Vegetarian, Contains Nuts, Contains Honey. | ğŸ’° 230 | â± 1.0 mins | ğŸ¥— Vegetarian, Contains Nuts, Contains Honey<br>ğŸ½ Guacamole: Guacamole: Price is 230 KES, prep time is 3 mins, dietary info: Vegetarian, Vegan. | ğŸ’° 230 | â± 3.0 mins | ğŸ¥— Vegetarian, Vegan<br>ğŸ½ Parsley Wedges: Parsley Wedges: Price is 310 KES, prep time is 5 mins, dietary info: Vegetarian, Vegan. | ğŸ’° 310 | â± 5.0 mins | ğŸ¥— Vegetarian, Vegan<br>ğŸ½ Homefries: Homefries: Price is 320 KES, prep time is 7 mins, dietary info: Vegetarian, Vegan. | ğŸ’° 320 | â± 7.0 mins | ğŸ¥— Vegetarian, Vegan<br>ğŸ½ Sukumawiki: Sukumawiki: Price is 360 KES, prep time is 7 mins, dietary info: Vegetarian, Vegan. | ğŸ’° 360 | â± 7.0 mins | ğŸ¥— Vegetarian, Vegan<br>ğŸ½ Cashew Nuts: Cashew Nuts: Price is 390 KES, prep time is 1 mins, dietary info: Vegetarian, Contains Nuts. | ğŸ’° 390 | â± 1.0 mins | ğŸ¥— Vegetarian, Contains Nuts<br>ğŸ½ 2 Beef Sausages: 2 Beef Sausages: Price is 430 KES, prep time is 5 mins, dietary info: Contains Meat. | ğŸ’° 430 | â± 5.0 mins | ğŸ¥— Contains Meat<br>ğŸ½ Grilled Onions: Grilled Onions: Price is 150 KES, prep time is 3 mins, dietary info: ,Vegeterian,Contains Onions. | ğŸ’° 150 | â± 3.0 mins | ğŸ¥— ,Vegeterian,Contains Onions<br>ğŸ½ Avocado: Avocado: Price is 170 KES, prep time is 2 mins, dietary info: Vegetarian. | ğŸ’° 170 | â± 2.0 mins | ğŸ¥— Vegetarian<br>ğŸ½ Charred Bell Peppers: Charred Bell Peppers: Price is 180 KES, prep time is 3 mins, dietary info: Vegeterian,Contains Bell Peppers. | ğŸ’° 180 | â± 3.0 mins | ğŸ¥— Vegeterian,Contains Bell Peppers<br>ğŸ½ Mushroom Sauce: Mushroom Sauce: Price is 210 KES, prep time is 3 mins, dietary info: Vegetarian, Vegan. | ğŸ’° 210 | â± 3.0 mins | ğŸ¥— Vegetarian, Vegan<br>ğŸ½ Gherkins: Gherkins: Price is 220 KES, prep time is 1 mins, dietary info: Vegetarian, Contains Dairy. | ğŸ’° 220 | â± 1.0 mins | ğŸ¥— Vegetarian, Contains Dairy<br>ğŸ½ Cheese: Cheese: Price is 220 KES, prep time is 1 mins, dietary info: Vegetarian, Vegan. | ğŸ’° 220 | â± 1.0 mins | ğŸ¥— Vegetarian, Vegan<br>ğŸ½ Chapati (2): Chapati (2): Price is 270 KES, prep time is 5 mins, dietary info: Vegetarian, Vegan, Contains Wheat. | ğŸ’° 270 | â± 5.0 mins | ğŸ¥— Vegetarian, Vegan, Contains Wheat<br>ğŸ½ Mashed Potatoes: Mashed Potatoes: Price is 310 KES, prep time is 5 mins, dietary info: Vegetarian, Contains Dairy. | ğŸ’° 310 | â± 5.0 mins | ğŸ¥— Vegetarian, Contains Dairy<br>ğŸ½ White Rice: White Rice: Price is 310 KES, prep time is 5 mins, dietary info: Vegetarian, Vegan. | ğŸ’° 310 | â± 5.0 mins | ğŸ¥— Vegetarian, Vegan<br>ğŸ½ Mexican Beans: Mexican Beans: Price is 310 KES, prep time is 5 mins, dietary info: Vegetarian, Vegan. | ğŸ’° 310 | â± 5.0 mins | ğŸ¥— Vegetarian, Vegan<br>ğŸ½ Stir Fried Rice: Stir Fried Rice: Price is 320 KES, prep time is 6 mins, dietary info: Vegetarian, May contain Eggs/Dairy depending on recipe. | ğŸ’° 320 | â± 6.0 mins | ğŸ¥— Vegetarian, May contain Eggs/Dairy depending on recipe<br>ğŸ½ Mexican Rice: Mexican Rice: Price is 320 KES, prep time is 6 mins, dietary info: Vegetarian, Vegan. | ğŸ’° 320 | â± 6.0 mins | ğŸ¥— Vegetarian, Vegan<br>ğŸ½ Steamed Vegetables: Steamed Vegetables: Price is 360 KES, prep time is 5 mins, dietary info: Vegetarian, Vegan. | ğŸ’° 360 | â± 5.0 mins | ğŸ¥— Vegetarian, Vegan<br>ğŸ½ Crunchy Chicken Strip Wrap: Crunchy Chicken Strip Wrap: Price is 1,140 KES, prep time is 12 mins, dietary info: Contains Meat, Contains Dairy, Contains Wheat. | ğŸ’° 1,140 | â± 12.0 mins | ğŸ¥— Contains Meat, Contains Dairy, Contains Wheat<br>ğŸ½ Halloumi & Avocado Wrap: Halloumi & Avocado Wrap: Price is 1,050 KES, prep time is 10 mins, dietary info: Vegetarian, Contains Dairy, Contains Wheat. | ğŸ’° 1,050 | â± 10.0 mins | ğŸ¥— Vegetarian, Contains Dairy, Contains Wheat<br>ğŸ½ Chicken Fajita Wrap: Chicken Fajita Wrap: Price is 1,190 KES, prep time is 12 mins, dietary info: Contains Meat, Contains Dairy, Contains Wheat. | ğŸ’° 1,190 | â± 12.0 mins | ğŸ¥— Contains Meat, Contains Dairy, Contains Wheat<br>ğŸ½ California Chicken Wrap: California Chicken Wrap: Price is 1,190 KES, prep time is 12 mins, dietary info: Contains Meat, Contains Dairy, Contains Wheat. | ğŸ’° 1,190 | â± 12.0 mins | ğŸ¥— Contains Meat, Contains Dairy, Contains Wheat<br>ğŸ½ BBQ Chicken & Cheese Wrap: BBQ Chicken & Cheese Wrap: Price is 1,160 KES, prep time is 12 mins, dietary info: Vegetarian, Contains Dairy, Contains Wheat. | ğŸ’° 1,160 | â± 12.0 mins | ğŸ¥— Vegetarian, Contains Dairy, Contains Wheat<br>ğŸ½ Grilled Cheese Sandwich: Grilled Cheese Sandwich: Price is 880 KES, prep time is 7 mins, dietary info: Vegetarian, Contains Dairy, Contains Wheat. | ğŸ’° 880 | â± 7.0 mins | ğŸ¥— Vegetarian, Contains Dairy, Contains Wheat<br>ğŸ½ Avocado, Cheese & Tomato Sandwich: Avocado, Cheese & Tomato Sandwich: Price is 890 KES, prep time is 7 mins, dietary info: Vegetarian, Contains Dairy, Contains Wheat. | ğŸ’° 890 | â± 7.0 mins | ğŸ¥— Vegetarian, Contains Dairy, Contains Wheat<br>ğŸ½ Chicken & Cheese Sandwich: Chicken & Cheese Sandwich: Price is 890 KES, prep time is 8 mins, dietary info: Contains Meat, Contains Dairy, Contains Wheat. | ğŸ’° 890 | â± 8.0 mins | ğŸ¥— Contains Meat, Contains Dairy, Contains Wheat<br>ğŸ½ BBQ Chicken Club: BBQ Chicken Club: Price is 890 KES, prep time is 8 mins, dietary info: Contains Meat, Contains Dairy, Contains Wheat. | ğŸ’° 890 | â± 8.0 mins | ğŸ¥— Contains Meat, Contains Dairy, Contains Wheat<br>ğŸ½ Vegetable & Halloumi Panini: Vegetable & Halloumi Panini: Price is 1,070 KES, prep time is 10 mins, dietary info: Vegetarian, Contains Dairy, Contains Wheat. | ğŸ’° 1,070 | â± 10.0 mins | ğŸ¥— Vegetarian, Contains Dairy, Contains Wheat<br>ğŸ½ Grilled Veggie Sandwich with Red Pepper Spread: Grilled Veggie Sandwich with Red Pepper Spread: Price is 1,080 KES, prep time is 10 mins, dietary info: Vegetarian, Contains Dairy, Contains Wheat. | ğŸ’° 1,080 | â± 10.0 mins | ğŸ¥— Vegetarian, Contains Dairy, Contains Wheat<br>ğŸ½ Grilled Chicken & Sundried Tomato Sandwich: Grilled Chicken & Sundried Tomato Sandwich: Price is 1,200 KES, prep time is 12 mins, dietary info: Contains Meat, Contains Dairy, Contains Wheat. | ğŸ’° 1,200 | â± 12.0 mins | ğŸ¥— Contains Meat, Contains Dairy, Contains Wheat<br>ğŸ½ Cheesy Chicken & Mushroom Sandwich: Cheesy Chicken & Mushroom Sandwich: Price is 1,240 KES, prep time is 12 mins, dietary info: Contains Meat, Contains Dairy, Contains Wheat. | ğŸ’° 1,240 | â± 12.0 mins | ğŸ¥— Contains Meat, Contains Dairy, Contains Wheat<br>ğŸ½ Triple Decker Sandwich: Triple Decker Sandwich: Price is 1,280 KES, prep time is 12 mins, dietary info: Contains Meat, Contains Dairy, Contains Wheat. | ğŸ’° 1,280 | â± 12.0 mins | ğŸ¥— Contains Meat, Contains Dairy, Contains Wheat<br>ğŸ½ Java Lunch Combo: Java Lunch Combo: Price is 1,440 KES, prep time is 15 mins, dietary info: Contains Meat, Contains Dairy, Contains Wheat (plus sides: soup, chips, salad, or vegetables). | ğŸ’° 1,440 | â± 15.0 mins | ğŸ¥— Contains Meat, Contains Dairy, Contains Wheat (plus sides: soup, chips, salad, or vegetables)<br>ğŸ½ Umami Burger: Umami Burger: Price is 1,340 KES, prep time is 12 mins, dietary info: Contains Meat, Contains Dairy, Contains Wheat. | ğŸ’° 1,340 | â± 12.0 mins | ğŸ¥— Contains Meat, Contains Dairy, Contains Wheat<br>ğŸ½ Hawaiian Caramelized Onion Burger: Hawaiian Caramelized Onion Burger: Price is 1,340 KES, prep time is 12 mins, dietary info: Contains Meat, Contains Dairy, Contains Wheat. | ğŸ’° 1,340 | â± 12.0 mins | ğŸ¥— Contains Meat, Contains Dairy, Contains Wheat<br>ğŸ½ Benâ€™s Burger: Benâ€™s Burger: Price is 1,360 KES, prep time is 12 mins, dietary info: Contains Meat, Contains Dairy, Contains Wheat. | ğŸ’° 1,360 | â± 12.0 mins | ğŸ¥— Contains Meat, Contains Dairy, Contains Wheat<br>ğŸ½ Double-Double Burger: Double-Double Burger: Price is 1,670 KES, prep time is 15 mins, dietary info: Contains Meat, Contains Dairy, Contains Wheat. | ğŸ’° 1,670 | â± 15.0 mins | ğŸ¥— Contains Meat, Contains Dairy, Contains Wheat<br>ğŸ½ Grilled Chicken Burger: Grilled Chicken Burger: Price is 1,260 KES, prep time is 12 mins, dietary info: Contains Meat, Contains Dairy, Contains Wheat. | ğŸ’° 1,260 | â± 12.0 mins | ğŸ¥— Contains Meat, Contains Dairy, Contains Wheat<br>ğŸ½ Crunchy Chicken Burger: Crunchy Chicken Burger: Price is 1,290 KES, prep time is 12 mins, dietary info: Contains Meat, Contains Dairy, Contains Wheat. | ğŸ’° 1,290 | â± 12.0 mins | ğŸ¥— Contains Meat, Contains Dairy, Contains Wheat<br>ğŸ½ Grilled Chicken Cheese Burger: Grilled Chicken Cheese Burger: Price is 1,300 KES, prep time is 12 mins, dietary info: Contains Meat, Contains Dairy, Contains Wheat. | ğŸ’° 1,300 | â± 12.0 mins | ğŸ¥— Contains Meat, Contains Dairy, Contains Wheat<br>ğŸ½ Veggie Cheese Burger: Veggie Cheese Burger: Price is 1,120 KES, prep time is 12 mins, dietary info: Vegetarian, Contains Dairy, Contains Wheat. | ğŸ’° 1,120 | â± 12.0 mins | ğŸ¥— Vegetarian, Contains Dairy, Contains Wheat<br>ğŸ½ Grilled Chicken Fajitas: Grilled Chicken Fajitas: Price is 1,170 KES, prep time is 12 mins, dietary info: Contains Meat, Contains Dairy, Contains Wheat. | ğŸ’° 1,170 | â± 12.0 mins | ğŸ¥— Contains Meat, Contains Dairy, Contains Wheat<br>ğŸ½ Cheese Quesadilla: Cheese Quesadilla: Price is 960 KES, prep time is 10 mins, dietary info: Contains Meat, Contains Dairy, Contains Wheat. | ğŸ’° 960 | â± 10.0 mins | ğŸ¥— Contains Meat, Contains Dairy, Contains Wheat<br>ğŸ½ Veggie Burrito: Veggie Burrito: Price is 1,260 KES, prep time is 12 mins, dietary info: Vegetarian, Contains Dairy, Contains Wheat. | ğŸ’° 1,260 | â± 12.0 mins | ğŸ¥— Vegetarian, Contains Dairy, Contains Wheat<br>ğŸ½ Chicken Burrito: Chicken Burrito: Price is 1,520 KES, prep time is 15 mins, dietary info: Contains Meat, Contains Dairy, Contains Wheat. | ğŸ’° 1,520 | â± 15.0 mins | ğŸ¥— Contains Meat, Contains Dairy, Contains Wheat<br>ğŸ½ Butter Chicken Korma: Butter Chicken Korma: Price is 1,420 KES, prep time is 15 mins, dietary info: Contains Meat, Contains Dairy. | ğŸ’° 1,420 | â± 15.0 mins | ğŸ¥— Contains Meat, Contains Dairy<br>ğŸ½ Swahili Coconut Fish Curry: Swahili Coconut Fish Curry: Price is 1,580 KES, prep time is 15 mins, dietary info: Contains Fish. | ğŸ’° 1,580 | â± 15.0 mins | ğŸ¥— Contains Fish<br>ğŸ½ Breaded Fish: Breaded Fish: Price is 1,580 KES, prep time is 15 mins, dietary info: Contains Fish. | ğŸ’° 1,580 | â± 15.0 mins | ğŸ¥— Contains Fish<br>ğŸ½ Grilled Fish: Grilled Fish: Price is 1,630 KES, prep time is 15 mins, dietary info: Contains Fish. | ğŸ’° 1,630 | â± 15.0 mins | ğŸ¥— Contains Fish<br>ğŸ½ 1/4 Chicken and Chips: 1/4 Chicken and Chips: Price is 710 KES, prep time is 10 mins, dietary info: Contains Meat. | ğŸ’° 710 | â± 10.0 mins | ğŸ¥— Contains Meat<br>ğŸ½ Homestyle Chicken Dhania: Homestyle Chicken Dhania: Price is 1,330 KES, prep time is 15 mins, dietary info: Contains Meat. | ğŸ’° 1,330 | â± 15.0 mins | ğŸ¥— Contains Meat<br>ğŸ½ Grilled Chicken Breast: Grilled Chicken Breast: Price is 1,380 KES, prep time is 15 mins, dietary info: Contains Meat. | ğŸ’° 1,380 | â± 15.0 mins | ğŸ¥— Contains Meat<br>ğŸ½ Roast Half Chicken: Roast Half Chicken: Price is 1,510 KES, prep time is 15 mins, dietary info: Contains Meat. | ğŸ’° 1,510 | â± 15.0 mins | ğŸ¥— Contains Meat<br>ğŸ½ Teriyaki Chicken Stir Fry: Teriyaki Chicken Stir Fry: Price is 1,560 KES, prep time is 15 mins, dietary info: Contains Meat, Contains Soy (sauce), May contain Vegetables. | ğŸ’° 1,560 | â± 15.0 mins | ğŸ¥— Contains Meat, Contains Soy (sauce), May contain Vegetables<br>ğŸ½ Teriyaki Beef Stir Fry: Teriyaki Beef Stir Fry: Price is 1,560 KES, prep time is 15 mins, dietary info: Contains Meat, Contains Soy (sauce), May contain Vegetables. | ğŸ’° 1,560 | â± 15.0 mins | ğŸ¥— Contains Meat, Contains Soy (sauce), May contain Vegetables<br>ğŸ½ Grilled Fillet Steak: Grilled Fillet Steak: Price is 1,660 KES, prep time is 15 mins, dietary info: Contains Meat. | ğŸ’° 1,660 | â± 15.0 mins | ğŸ¥— Contains Meat<br>ğŸ½ Mushroom Fillet Steak: Mushroom Fillet Steak: Price is 1,660 KES, prep time is 15 mins, dietary info: Contains Fish, Contains Dairy. | ğŸ’° 1,660 | â± 15.0 mins | ğŸ¥— Contains Fish, Contains Dairy<br>ğŸ½ Pepper Steak: Pepper Steak: Price is 1,740 KES, prep time is 15 mins, dietary info: Contains Meat. | ğŸ’° 1,740 | â± 15.0 mins | ğŸ¥— Contains Meat<br>ğŸ½ Duo Star: Duo Star: Price is 1,450 KES, prep time is 15 mins, dietary info: Contains Meat (Beef & Chicken), Contains Soy (sauce), May contain Vegetables. | ğŸ’° 1,450 | â± 15.0 mins | ğŸ¥— Contains Meat (Beef & Chicken), Contains Soy (sauce), May contain Vegetables<br>ğŸ½ The Plot Chickens (BBQ Chicken Pizza): The Plot Chickens (BBQ Chicken Pizza): Price is 1,120 KES, prep time is 15 mins, dietary info: Contains Meat, Contains Dairy, Contains Wheat. | ğŸ’° 1,120 | â± 15.0 mins | ğŸ¥— Contains Meat, Contains Dairy, Contains Wheat<br>ğŸ½ Hawaiian-Twist (Sweet & Sour Pineapple & Beef Sausage Pizza): Hawaiian-Twist (Sweet & Sour Pineapple & Beef Sausage Pizza): Price is 1,120 KES, prep time is 15 mins, dietary info: Contains Meat, Contains Dairy, Contains Wheat, Contains Fruit (Pineapple). | ğŸ’° 1,120 | â± 15.0 mins | ğŸ¥— Contains Meat, Contains Dairy, Contains Wheat, Contains Fruit (Pineapple)<br>ğŸ½ Margherita Pizza: Margherita Pizza: Price is 1,010 KES, prep time is 15 mins, dietary info: Vegetarian, Contains Dairy, Contains Wheat. | ğŸ’° 1,010 | â± 15.0 mins | ğŸ¥— Vegetarian, Contains Dairy, Contains Wheat<br>ğŸ½ Steak Sensation Pizza: Steak Sensation Pizza: Price is 1,150 KES, prep time is 15 mins, dietary info: Contains Meat, Contains Dairy, Contains Wheat. | ğŸ’° 1,150 | â± 15.0 mins | ğŸ¥— Contains Meat, Contains Dairy, Contains Wheat<br>ğŸ½ Egg and Cheese Burrito with Steak and Egg: Egg and Cheese Burrito with Steak and Egg: Price is 1,440 KES, prep time is 12 mins, dietary info: Contains Meat, Contains Eggs, Contains Dairy. | ğŸ’° 1,440 | â± 12.0 mins | ğŸ¥— Contains Meat, Contains Eggs, Contains Dairy<br>ğŸ½ Chips spiced or regular: Chips spiced or regular: Price is 430 KES, prep time is 5 mins, dietary info: Vegetarian, Vegan. | ğŸ’° 430 | â± 5.0 mins | ğŸ¥— Vegetarian, Vegan<br>ğŸ½ Potato Wedges spiced or regular: Potato Wedges spiced or regular: Price is 430 KES, prep time is 5 mins, dietary info: Vegetarian, Vegan. | ğŸ’° 430 | â± 5.0 mins | ğŸ¥— Vegetarian, Vegan<br>ğŸ½ Chips Masala: Chips Masala: Price is 580 KES, prep time is 6 mins, dietary info: Vegetarian, Vegan. | ğŸ’° 580 | â± 6.0 mins | ğŸ¥— Vegetarian, Vegan<br>ğŸ½ Mushroom Chips: Mushroom Chips: Price is 740 KES, prep time is 7 mins, dietary info: Vegetarian, Contains Dairy. | ğŸ’° 740 | â± 7.0 mins | ğŸ¥— Vegetarian, Contains Dairy<br>ğŸ½ Chips & Beef Sausage: Chips & Beef Sausage: Price is 740 KES, prep time is 7 mins, dietary info: Contains Meat, Contains Dairy. | ğŸ’° 740 | â± 7.0 mins | ğŸ¥— Contains Meat, Contains Dairy<br>ğŸ½ Loaded Fries: Loaded Fries: Price is 1,260 KES, prep time is 12 mins, dietary info: Contains Meat, Contains Dairy. | ğŸ’° 1,260 | â± 12.0 mins | ğŸ¥— Contains Meat, Contains Dairy<br>ğŸ½ Steak Pie: Steak Pie: Price is 510 KES, prep time is 10 mins, dietary info: Contains Meat, Contains Wheat. | ğŸ’° 510 | â± 10.0 mins | ğŸ¥— Contains Meat, Contains Wheat<br>ğŸ½ Beef Sausage Roll: Beef Sausage Roll: Price is 520 KES, prep time is 10 mins, dietary info: Contains Meat, Contains Wheat. | ğŸ’° 520 | â± 10.0 mins | ğŸ¥— Contains Meat, Contains Wheat<br>ğŸ½ Hotdogs (Al a Carte): Hotdogs (Al a Carte): Price is 700 KES, prep time is 7 mins, dietary info: Contains Meat, Contains Wheat. | ğŸ’° 700 | â± 7.0 mins | ğŸ¥— Contains Meat, Contains Wheat<br>ğŸ½ 2 Hotdogs with Chips: 2 Hotdogs with Chips: Price is 860 KES, prep time is 10 mins, dietary info: Contains Meat, Contains Wheat. | ğŸ’° 860 | â± 10.0 mins | ğŸ¥— Contains Meat, Contains Wheat<br>ğŸ½ Chicken Wings 5 Pieces: Chicken Wings 5 Pieces: Price is 750 KES, prep time is 10 mins, dietary info: Contains Meat. | ğŸ’° 750 | â± 10.0 mins | ğŸ¥— Contains Meat<br>ğŸ½ Chicken Wings 10 Pieces: Chicken Wings 10 Pieces: Price is 1,170 KES, prep time is 15 mins, dietary info: Contains Meat. | ğŸ’° 1,170 | â± 15.0 mins | ğŸ¥— Contains Meat<br>ğŸ½ California Garden Salad with spicy chicken: California Garden Salad with spicy chicken: Price is 1,100 KES, prep time is 10 mins, dietary info: Contains Meat, Vegetarian option. | ğŸ’° 1,100 | â± 10.0 mins | ğŸ¥— Contains Meat, Vegetarian option<br>ğŸ½ Grilled Chicken Strip Salad with honey mustard dressing: Grilled Chicken Strip Salad with honey mustard dressing: Price is 1,120 KES, prep time is 12 mins, dietary info: Contains Meat. | ğŸ’° 1,120 | â± 12.0 mins | ğŸ¥— Contains Meat<br>ğŸ½ Spicy Thai Chicken Salad: Spicy Thai Chicken Salad: Price is 1,280 KES, prep time is 12 mins, dietary info: Contains Meat. | ğŸ’° 1,280 | â± 12.0 mins | ğŸ¥— Contains Meat<br>ğŸ½ Apple, Carrot & Roasted Cashew Salad: Apple, Carrot & Roasted Cashew Salad: Price is 1,080 KES, prep time is 10 mins, dietary info: Vegetarian, Contains Nuts. | ğŸ’° 1,080 | â± 10.0 mins | ğŸ¥— Vegetarian, Contains Nuts<br>ğŸ½ Add Chicken Breast (extra): Add Chicken Breast (extra): Price is 450 KES, prep time is 5 mins, dietary info: Contains Meat. | ğŸ’° 450 | â± 5.0 mins | ğŸ¥— Contains Meat<br>ğŸ½ Tea (Regular or Masala): Tea (Regular or Masala): Price is 250 KES, prep time is 5 mins, dietary info: Vegetarian. | ğŸ’° 250 | â± 5.0 mins | ğŸ¥— Vegetarian<br>ğŸ½ Americano: Americano: Price is 350 KES, prep time is 5 mins, dietary info: Vegetarian. | ğŸ’° 350 | â± 5.0 mins | ğŸ¥— Vegetarian<br>ğŸ½ Latte: Latte: Price is 450 KES, prep time is 5 mins, dietary info: Vegetarian, Contains Dairy. | ğŸ’° 450 | â± 5.0 mins | ğŸ¥— Vegetarian, Contains Dairy<br>ğŸ½ Cappuccino: Cappuccino: Price is 300 KES, prep time is 5 mins, dietary info: Vegetarian, Contains Dairy. | ğŸ’° 300 | â± 5.0 mins | ğŸ¥— Vegetarian, Contains Dairy<br>ğŸ½ Small Fresh Juice: Small Fresh Juice: Price is 350 KES, prep time is 5 mins, dietary info: Vegetarian, Vegan. | ğŸ’° 350 | â± 5.0 mins | ğŸ¥— Vegetarian, Vegan<br>ğŸ½ Pineapple: Pineapple: Price is 160 KES, prep time is 1 mins, dietary info: Vegetarian, Vegan. | ğŸ’° 160 | â± 1.0 mins | ğŸ¥— Vegetarian, Vegan<br>ğŸ½ Mozzarella or Halloumi Cheese: Mozzarella or Halloumi Cheese: Price is 230 KES, prep time is 1 mins, dietary info: Vegetarian, Contains Dairy. | ğŸ’° 230 | â± 1.0 mins | ğŸ¥— Vegetarian, Contains Dairy<br>ğŸ½ Mushroom: Mushroom: Price is 270 KES, prep time is 2 mins, dietary info: Vegetarian, Vegan. | ğŸ’° 270 | â± 2.0 mins | ğŸ¥— Vegetarian, Vegan<br>ğŸ½ Beef Sausage: Beef Sausage: Price is 340 KES, prep time is 2 mins, dietary info: Contains Meat. | ğŸ’° 340 | â± 2.0 mins | ğŸ¥— Contains Meat<br>ğŸ½ Beef: Beef: Price is 430 KES, prep time is 2 mins, dietary info: Contains Meat. | ğŸ’° 430 | â± 2.0 mins | ğŸ¥— Contains Meat<br>ğŸ½ Chicken: Chicken: Price is 430 KES, prep time is 2 mins, dietary info: Contains Meat. | ğŸ’° 430 | â± 2.0 mins | ğŸ¥— Contains Meat",1.0
2025-11-29T10:18:36.056435,Vegeterian options,"ğŸ¤” I'm not sure about that. Try asking about menu items, prices, prep time, or dietary info! ğŸŸ",0.3704043924808502
2025-11-29T10:19:08.519544,Do you do deliveries,ğŸšš We offer delivery within Nairobi. Delivery charges may apply.,1.0
2025-11-29T10:27:07.901559,What is on kids menu,"ğŸ½ Giant Beef Samosa: Giant Beef Samosa: Price is 320 KES, prep time is 8 mins, dietary info: Contains Meat, Contains Wheat. | ğŸ’° 320 | â± 8.0 mins | ğŸ¥— Contains Meat, Contains Wheat<br>ğŸ½ Chicken Pie: Chicken Pie: Price is 350 KES, prep time is 10 mins, dietary info: Contains Meat, Contains Wheat. | ğŸ’° 350 | â± 10.0 mins | ğŸ¥— Contains Meat, Contains Wheat<br>ğŸ½ Classic Smash Burger: Classic Smash Burger: Price is 1140 KES, prep time is 15 mins, dietary info: Contains Meat, Contains Dairy, Contains Wheat. | ğŸ’° 1140 | â± 15.0 mins | ğŸ¥— Contains Meat, Contains Dairy, Contains Wheat<br>ğŸ½ Veggie Burger: Veggie Burger: Price is 780 KES, prep time is 15 mins, dietary info: Vegetarian, Contains Dairy, Contains Wheat. | ğŸ’° 780 | â± 15.0 mins | ğŸ¥— Vegetarian, Contains Dairy, Contains Wheat<br>ğŸ½ Chicken Quesadilla: Chicken Quesadilla: Price is 1080 KES, prep time is 12 mins, dietary info: Contains Meat, Contains Dairy, Contains Wheat. | ğŸ’° 1080 | â± 12.0 mins | ğŸ¥— Contains Meat, Contains Dairy, Contains Wheat<br>ğŸ½ Java Special Chicken Curry: Java Special Chicken Curry: Price is 1110 KES, prep time is 20 mins, dietary info: Contains Meat. | ğŸ’° 1110 | â± 20.0 mins | ğŸ¥— Contains Meat<br>ğŸ½ Crispy Chicken Breast Salad: Crispy Chicken Breast Salad: Price is 950 KES, prep time is 12 mins, dietary info: Contains Meat, Contains Nuts. | ğŸ’° 950 | â± 12.0 mins | ğŸ¥— Contains Meat, Contains Nuts<br>ğŸ½ Chocolate Fudge Cake: Chocolate Fudge Cake: Price is 480 KES, prep time is 7 mins, dietary info: Vegetarian, Contains Dairy, Contains Wheat, Contains Eggs. | ğŸ’° 480 | â± 7.0 mins | ğŸ¥— Vegetarian, Contains Dairy, Contains Wheat, Contains Eggs<br>ğŸ½ Double Vanilla Latte: Double Vanilla Latte: Price is 400 KES, prep time is 5 mins, dietary info: Vegetarian, Contains Dairy. | ğŸ’° 400 | â± 5.0 mins | ğŸ¥— Vegetarian, Contains Dairy<br>ğŸ½ Sweet Crepes Combo: Sweet Crepes Combo: Price is 1,240 KES, prep time is 12 mins, dietary info: Contains Dairy, Contains Wheat, Contains Eggs. | ğŸ’° 1,240 | â± 12.0 mins | ğŸ¥— Contains Dairy, Contains Wheat, Contains Eggs<br>ğŸ½ Fruit Salad (plain): Fruit Salad (plain): Price is 550 KES, prep time is 5 mins, dietary info: Vegetarian, Vegan. | ğŸ’° 550 | â± 5.0 mins | ğŸ¥— Vegetarian, Vegan<br>ğŸ½ Fruit Salad with Yogurt, Honey & Nuts: Fruit Salad with Yogurt, Honey & Nuts: Price is 770 KES, prep time is 5 mins, dietary info: Vegetarian, Contains Nuts, Contains Dairy, Contains Honey. | ğŸ’° 770 | â± 5.0 mins | ğŸ¥— Vegetarian, Contains Nuts, Contains Dairy, Contains Honey<br>ğŸ½ Hot Oatmeal Porridge Half Serve: Hot Oatmeal Porridge Half Serve: Price is 360 KES, prep time is 5 mins, dietary info: Vegetarian, Contains Dairy, Contains Nuts. | ğŸ’° 360 | â± 5.0 mins | ğŸ¥— Vegetarian, Contains Dairy, Contains Nuts<br>ğŸ½ Hot Oatmeal Porridge Full Serve: Hot Oatmeal Porridge Full Serve: Price is 750 KES, prep time is 8 mins, dietary info: Vegetarian, Contains Dairy, Contains Nuts. | ğŸ’° 750 | â± 8.0 mins | ğŸ¥— Vegetarian, Contains Dairy, Contains Nuts<br>ğŸ½ Homemade Granola: Homemade Granola: Price is 350 KES, prep time is 5 mins, dietary info: Vegetarian, Contains Nuts. | ğŸ’° 350 | â± 5.0 mins | ğŸ¥— Vegetarian, Contains Nuts<br>ğŸ½ Homemade Granola with Yogurt & Honey/Grapes: Homemade Granola with Yogurt & Honey/Grapes: Price is 740 KES, prep time is 6 mins, dietary info: Vegetarian, Contains Nuts, Contains Dairy, Contains Honey. | ğŸ’° 740 | â± 6.0 mins | ğŸ¥— Vegetarian, Contains Nuts, Contains Dairy, Contains Honey<br>ğŸ½ Al a Carte Sweet Crepes: Al a Carte Sweet Crepes: Price is 300 KES, prep time is 7 mins, dietary info: Contains Dairy, Contains Wheat, Contains Eggs. | ğŸ’° 300 | â± 7.0 mins | ğŸ¥— Contains Dairy, Contains Wheat, Contains Eggs<br>ğŸ½ Single Fluffy Homemade Pancake: Single Fluffy Homemade Pancake: Price is 380 KES, prep time is 7 mins, dietary info: Vegetarian, Contains Dairy, Contains Wheat, Contains Eggs. | ğŸ’° 380 | â± 7.0 mins | ğŸ¥— Vegetarian, Contains Dairy, Contains Wheat, Contains Eggs<br>ğŸ½ Classic Pancakes: Classic Pancakes: Price is 780 KES, prep time is 10 mins, dietary info: Vegetarian, Contains Dairy, Contains Wheat, Contains Eggs. | ğŸ’° 780 | â± 10.0 mins | ğŸ¥— Vegetarian, Contains Dairy, Contains Wheat, Contains Eggs<br>ğŸ½ Pancakes Combo: Pancakes Combo: Price is 1,070 KES, prep time is 12 mins, dietary info: Vegetarian, Contains Dairy, Contains Wheat, Contains Eggs. | ğŸ’° 1,070 | â± 12.0 mins | ğŸ¥— Vegetarian, Contains Dairy, Contains Wheat, Contains Eggs<br>ğŸ½ Al a Carte French Toast: Al a Carte French Toast: Price is 620 KES, prep time is 8 mins, dietary info: Vegetarian, Contains Dairy, Contains Wheat, Contains Eggs. | ğŸ’° 620 | â± 8.0 mins | ğŸ¥— Vegetarian, Contains Dairy, Contains Wheat, Contains Eggs<br>ğŸ½ French Toast Combo: French Toast Combo: Price is 1,260 KES, prep time is 12 mins, dietary info: Vegetarian, Contains Dairy, Contains Wheat, Contains Eggs. | ğŸ’° 1,260 | â± 12.0 mins | ğŸ¥— Vegetarian, Contains Dairy, Contains Wheat, Contains Eggs<br>ğŸ½ Homefry Heaven: Homefry Heaven: Price is 950 KES, prep time is 10 mins, dietary info: Vegetarian, Contains Dairy. | ğŸ’° 950 | â± 10.0 mins | ğŸ¥— Vegetarian, Contains Dairy<br>ğŸ½ Eggs The Way You Like: Eggs The Way You Like: Price is 570 KES, prep time is 7 mins, dietary info: Vegetarian, Contains Eggs, Contains Dairy. | ğŸ’° 570 | â± 7.0 mins | ğŸ¥— Vegetarian, Contains Eggs, Contains Dairy<br>ğŸ½ Eggs The Way You Like with Chips/Homefries: Eggs The Way You Like with Chips/Homefries: Price is 740 KES, prep time is 10 mins, dietary info: Vegetarian, Contains Eggs, Contains Dairy. | ğŸ’° 740 | â± 10.0 mins | ğŸ¥— Vegetarian, Contains Eggs, Contains Dairy<br>ğŸ½ Eggs The Way You Like with Beef Sausage: Eggs The Way You Like with Beef Sausage: Price is 960 KES, prep time is 12 mins, dietary info: Contains Meat, Contains Eggs, Contains Dairy. | ğŸ’° 960 | â± 12.0 mins | ğŸ¥— Contains Meat, Contains Eggs, Contains Dairy<br>ğŸ½ Breakfast Sandwiches - Egg & Cheese: Breakfast Sandwiches - Egg & Cheese: Price is 740 KES, prep time is 7 mins, dietary info: Vegetarian, Contains Eggs, Contains Dairy. | ğŸ’° 740 | â± 7.0 mins | ğŸ¥— Vegetarian, Contains Eggs, Contains Dairy<br>ğŸ½ Breakfast Sandwiches - Egg & Cheese with Beef Sausage: Breakfast Sandwiches - Egg & Cheese with Beef Sausage: Price is 880 KES, prep time is 8 mins, dietary info: Contains Meat, Contains Eggs, Contains Dairy. | ğŸ’° 880 | â± 8.0 mins | ğŸ¥— Contains Meat, Contains Eggs, Contains Dairy<br>ğŸ½ Breakfast Sandwich Combo: Breakfast Sandwich Combo: Price is 1,260 KES, prep time is 12 mins, dietary info: Contains Meat, Contains Eggs, Contains Dairy. | ğŸ’° 1,260 | â± 12.0 mins | ğŸ¥— Contains Meat, Contains Eggs, Contains Dairy<br>ğŸ½ Egg & Veg Omelette Combo: Egg & Veg Omelette Combo: Price is 1,260 KES, prep time is 12 mins, dietary info: Vegetarian, Contains Eggs, Contains Dairy. | ğŸ’° 1,260 | â± 12.0 mins | ğŸ¥— Vegetarian, Contains Eggs, Contains Dairy<br>ğŸ½ Breakfast Maxi Combo: Breakfast Maxi Combo: Price is 1,260 KES, prep time is 15 mins, dietary info: Contains Meat, Contains Eggs, Contains Dairy. | ğŸ’° 1,260 | â± 15.0 mins | ğŸ¥— Contains Meat, Contains Eggs, Contains Dairy<br>ğŸ½ Steak and Eggs: Steak and Eggs: Price is 1,260 KES, prep time is 15 mins, dietary info: Contains Meat, Contains Eggs, Contains Dairy. | ğŸ’° 1,260 | â± 15.0 mins | ğŸ¥— Contains Meat, Contains Eggs, Contains Dairy<br>ğŸ½ Full Java Breakfast Combo: Full Java Breakfast Combo: Price is 1,360 KES, prep time is 15 mins, dietary info: Contains Meat, Contains Eggs, Contains Dairy. | ğŸ’° 1,360 | â± 15.0 mins | ğŸ¥— Contains Meat, Contains Eggs, Contains Dairy<br>ğŸ½ Egg & Cheese Burrito: Egg & Cheese Burrito: Price is 1,030 KES, prep time is 12 mins, dietary info: Vegetarian, Contains Eggs, Contains Dairy. | ğŸ’° 1,030 | â± 12.0 mins | ğŸ¥— Vegetarian, Contains Eggs, Contains Dairy<br>ğŸ½ Omelette Plain: Omelette Plain: Price is 740 KES, prep time is 8 mins, dietary info: Vegetarian, Contains Eggs. | ğŸ’° 740 | â± 8.0 mins | ğŸ¥— Vegetarian, Contains Eggs<br>ğŸ½ Omelette Spanish: Omelette Spanish: Price is 880 KES, prep time is 8 mins, dietary info: Vegetarian, Contains Eggs. | ğŸ’° 880 | â± 8.0 mins | ğŸ¥— Vegetarian, Contains Eggs<br>ğŸ½ Omelette Mushroom, Basil & Cheese: Omelette Mushroom, Basil & Cheese: Price is 980 KES, prep time is 10 mins, dietary info: Vegetarian, Contains Eggs, Contains Dairy. | ğŸ’° 980 | â± 10.0 mins | ğŸ¥— Vegetarian, Contains Eggs, Contains Dairy<br>ğŸ½ Omelette Denver: Omelette Denver: Price is 980 KES, prep time is 10 mins, dietary info: Contains Meat, Contains Eggs, Contains Dairy. | ğŸ’° 980 | â± 10.0 mins | ğŸ¥— Contains Meat, Contains Eggs, Contains Dairy<br>ğŸ½ Build Your Own Omelette - Cheese: Build Your Own Omelette - Cheese: Price is 230 KES, prep time is 2 mins, dietary info: Vegetarian. | ğŸ’° 230 | â± 2.0 mins | ğŸ¥— Vegetarian<br>ğŸ½ Build Your Own Omelette - Beef Sausage: Build Your Own Omelette - Beef Sausage: Price is 340 KES, prep time is 2 mins, dietary info: Vegetarian, Contains Eggs. | ğŸ’° 340 | â± 2.0 mins | ğŸ¥— Vegetarian, Contains Eggs<br>ğŸ½ Build Your Own Omelette - Tomato: Build Your Own Omelette - Tomato: Price is 70 KES, prep time is 1 mins, dietary info: Vegetarian, Contains Eggs, Contains Dairy, Contains Tomato. | ğŸ’° 70 | â± 1.0 mins | ğŸ¥— Vegetarian, Contains Eggs, Contains Dairy, Contains Tomato<br>ğŸ½ Build Your Own Omelette - Onions: Build Your Own Omelette - Onions: Price is 70 KES, prep time is 1 mins, dietary info: Vegetarian, Contains Eggs, Contains Dairy, Contains Onion. | ğŸ’° 70 | â± 1.0 mins | ğŸ¥— Vegetarian, Contains Eggs, Contains Dairy, Contains Onion<br>ğŸ½ Build Your Own Omelette - Bell Pepper: Build Your Own Omelette - Bell Pepper: Price is 70 KES, prep time is 1 mins, dietary info: Vegetarian, Contains Eggs, Contains Dairy, Contains Bell Pepper. | ğŸ’° 70 | â± 1.0 mins | ğŸ¥— Vegetarian, Contains Eggs, Contains Dairy, Contains Bell Pepper<br>ğŸ½ Build Your Own Omelette - Mushrooms: Build Your Own Omelette - Mushrooms: Price is 210 KES, prep time is 2 mins, dietary info: Vegetarian, Contains Dairy, Contains Eggs, Contains Mushrooms. | ğŸ’° 210 | â± 2.0 mins | ğŸ¥— Vegetarian, Contains Dairy, Contains Eggs, Contains Mushrooms<br>ğŸ½ Baked Beans: Baked Beans: Price is 180 KES, prep time is 5 mins, dietary info: Vegetarian. | ğŸ’° 180 | â± 5.0 mins | ğŸ¥— Vegetarian<br>ğŸ½ One Egg: One Egg: Price is 190 KES, prep time is 3 mins, dietary info: Vegetarian, Contains Eggs. | ğŸ’° 190 | â± 3.0 mins | ğŸ¥— Vegetarian, Contains Eggs<br>ğŸ½ Salsa: Salsa: Price is 190 KES, prep time is 2 mins, dietary info: Vegetarian. | ğŸ’° 190 | â± 2.0 mins | ğŸ¥— Vegetarian<br>ğŸ½ Toast: Toast: Price is 190 KES, prep time is 2 mins, dietary info: Vegetarian, Contains Wheat. | ğŸ’° 190 | â± 2.0 mins | ğŸ¥— Vegetarian, Contains Wheat<br>ğŸ½ Honey Peanuts: Honey Peanuts: Price is 230 KES, prep time is 1 mins, dietary info: Vegetarian, Contains Nuts, Contains Honey. | ğŸ’° 230 | â± 1.0 mins | ğŸ¥— Vegetarian, Contains Nuts, Contains Honey<br>ğŸ½ Guacamole: Guacamole: Price is 230 KES, prep time is 3 mins, dietary info: Vegetarian, Vegan. | ğŸ’° 230 | â± 3.0 mins | ğŸ¥— Vegetarian, Vegan<br>ğŸ½ Parsley Wedges: Parsley Wedges: Price is 310 KES, prep time is 5 mins, dietary info: Vegetarian, Vegan. | ğŸ’° 310 | â± 5.0 mins | ğŸ¥— Vegetarian, Vegan<br>ğŸ½ Homefries: Homefries: Price is 320 KES, prep time is 7 mins, dietary info: Vegetarian, Vegan. | ğŸ’° 320 | â± 7.0 mins | ğŸ¥— Vegetarian, Vegan<br>ğŸ½ Sukumawiki: Sukumawiki: Price is 360 KES, prep time is 7 mins, dietary info: Vegetarian, Vegan. | ğŸ’° 360 | â± 7.0 mins | ğŸ¥— Vegetarian, Vegan<br>ğŸ½ Cashew Nuts: Cashew Nuts: Price is 390 KES, prep time is 1 mins, dietary info: Vegetarian, Contains Nuts. | ğŸ’° 390 | â± 1.0 mins | ğŸ¥— Vegetarian, Contains Nuts<br>ğŸ½ 2 Beef Sausages: 2 Beef Sausages: Price is 430 KES, prep time is 5 mins, dietary info: Contains Meat. | ğŸ’° 430 | â± 5.0 mins | ğŸ¥— Contains Meat<br>ğŸ½ Grilled Onions: Grilled Onions: Price is 150 KES, prep time is 3 mins, dietary info: ,Vegeterian,Contains Onions. | ğŸ’° 150 | â± 3.0 mins | ğŸ¥— ,Vegeterian,Contains Onions<br>ğŸ½ Avocado: Avocado: Price is 170 KES, prep time is 2 mins, dietary info: Vegetarian. | ğŸ’° 170 | â± 2.0 mins | ğŸ¥— Vegetarian<br>ğŸ½ Charred Bell Peppers: Charred Bell Peppers: Price is 180 KES, prep time is 3 mins, dietary info: Vegeterian,Contains Bell Peppers. | ğŸ’° 180 | â± 3.0 mins | ğŸ¥— Vegeterian,Contains Bell Peppers<br>ğŸ½ Mushroom Sauce: Mushroom Sauce: Price is 210 KES, prep time is 3 mins, dietary info: Vegetarian, Vegan. | ğŸ’° 210 | â± 3.0 mins | ğŸ¥— Vegetarian, Vegan<br>ğŸ½ Gherkins: Gherkins: Price is 220 KES, prep time is 1 mins, dietary info: Vegetarian, Contains Dairy. | ğŸ’° 220 | â± 1.0 mins | ğŸ¥— Vegetarian, Contains Dairy<br>ğŸ½ Cheese: Cheese: Price is 220 KES, prep time is 1 mins, dietary info: Vegetarian, Vegan. | ğŸ’° 220 | â± 1.0 mins | ğŸ¥— Vegetarian, Vegan<br>ğŸ½ Chapati (2): Chapati (2): Price is 270 KES, prep time is 5 mins, dietary info: Vegetarian, Vegan, Contains Wheat. | ğŸ’° 270 | â± 5.0 mins | ğŸ¥— Vegetarian, Vegan, Contains Wheat<br>ğŸ½ Mashed Potatoes: Mashed Potatoes: Price is 310 KES, prep time is 5 mins, dietary info: Vegetarian, Contains Dairy. | ğŸ’° 310 | â± 5.0 mins | ğŸ¥— Vegetarian, Contains Dairy<br>ğŸ½ White Rice: White Rice: Price is 310 KES, prep time is 5 mins, dietary info: Vegetarian, Vegan. | ğŸ’° 310 | â± 5.0 mins | ğŸ¥— Vegetarian, Vegan<br>ğŸ½ Mexican Beans: Mexican Beans: Price is 310 KES, prep time is 5 mins, dietary info: Vegetarian, Vegan. | ğŸ’° 310 | â± 5.0 mins | ğŸ¥— Vegetarian, Vegan<br>ğŸ½ Stir Fried Rice: Stir Fried Rice: Price is 320 KES, prep time is 6 mins, dietary info: Vegetarian, May contain Eggs/Dairy depending on recipe. | ğŸ’° 320 | â± 6.0 mins | ğŸ¥— Vegetarian, May contain Eggs/Dairy depending on recipe<br>ğŸ½ Mexican Rice: Mexican Rice: Price is 320 KES, prep time is 6 mins, dietary info: Vegetarian, Vegan. | ğŸ’° 320 | â± 6.0 mins | ğŸ¥— Vegetarian, Vegan<br>ğŸ½ Steamed Vegetables: Steamed Vegetables: Price is 360 KES, prep time is 5 mins, dietary info: Vegetarian, Vegan. | ğŸ’° 360 | â± 5.0 mins | ğŸ¥— Vegetarian, Vegan<br>ğŸ½ Crunchy Chicken Strip Wrap: Crunchy Chicken Strip Wrap: Price is 1,140 KES, prep time is 12 mins, dietary info: Contains Meat, Contains Dairy, Contains Wheat. | ğŸ’° 1,140 | â± 12.0 mins | ğŸ¥— Contains Meat, Contains Dairy, Contains Wheat<br>ğŸ½ Halloumi & Avocado Wrap: Halloumi & Avocado Wrap: Price is 1,050 KES, prep time is 10 mins, dietary info: Vegetarian, Contains Dairy, Contains Wheat. | ğŸ’° 1,050 | â± 10.0 mins | ğŸ¥— Vegetarian, Contains Dairy, Contains Wheat<br>ğŸ½ Chicken Fajita Wrap: Chicken Fajita Wrap: Price is 1,190 KES, prep time is 12 mins, dietary info: Contains Meat, Contains Dairy, Contains Wheat. | ğŸ’° 1,190 | â± 12.0 mins | ğŸ¥— Contains Meat, Contains Dairy, Contains Wheat<br>ğŸ½ California Chicken Wrap: California Chicken Wrap: Price is 1,190 KES, prep time is 12 mins, dietary info: Contains Meat, Contains Dairy, Contains Wheat. | ğŸ’° 1,190 | â± 12.0 mins | ğŸ¥— Contains Meat, Contains Dairy, Contains Wheat<br>ğŸ½ BBQ Chicken & Cheese Wrap: BBQ Chicken & Cheese Wrap: Price is 1,160 KES, prep time is 12 mins, dietary info: Vegetarian, Contains Dairy, Contains Wheat. | ğŸ’° 1,160 | â± 12.0 mins | ğŸ¥— Vegetarian, Contains Dairy, Contains Wheat<br>ğŸ½ Grilled Cheese Sandwich: Grilled Cheese Sandwich: Price is 880 KES, prep time is 7 mins, dietary info: Vegetarian, Contains Dairy, Contains Wheat. | ğŸ’° 880 | â± 7.0 mins | ğŸ¥— Vegetarian, Contains Dairy, Contains Wheat<br>ğŸ½ Avocado, Cheese & Tomato Sandwich: Avocado, Cheese & Tomato Sandwich: Price is 890 KES, prep time is 7 mins, dietary info: Vegetarian, Contains Dairy, Contains Wheat. | ğŸ’° 890 | â± 7.0 mins | ğŸ¥— Vegetarian, Contains Dairy, Contains Wheat<br>ğŸ½ Chicken & Cheese Sandwich: Chicken & Cheese Sandwich: Price is 890 KES, prep time is 8 mins, dietary info: Contains Meat, Contains Dairy, Contains Wheat. | ğŸ’° 890 | â± 8.0 mins | ğŸ¥— Contains Meat, Contains Dairy, Contains Wheat<br>ğŸ½ BBQ Chicken Club: BBQ Chicken Club: Price is 890 KES, prep time is 8 mins, dietary info: Contains Meat, Contains Dairy, Contains Wheat. | ğŸ’° 890 | â± 8.0 mins | ğŸ¥— Contains Meat, Contains Dairy, Contains Wheat<br>ğŸ½ Vegetable & Halloumi Panini: Vegetable & Halloumi Panini: Price is 1,070 KES, prep time is 10 mins, dietary info: Vegetarian, Contains Dairy, Contains Wheat. | ğŸ’° 1,070 | â± 10.0 mins | ğŸ¥— Vegetarian, Contains Dairy, Contains Wheat<br>ğŸ½ Grilled Veggie Sandwich with Red Pepper Spread: Grilled Veggie Sandwich with Red Pepper Spread: Price is 1,080 KES, prep time is 10 mins, dietary info: Vegetarian, Contains Dairy, Contains Wheat. | ğŸ’° 1,080 | â± 10.0 mins | ğŸ¥— Vegetarian, Contains Dairy, Contains Wheat<br>ğŸ½ Grilled Chicken & Sundried Tomato Sandwich: Grilled Chicken & Sundried Tomato Sandwich: Price is 1,200 KES, prep time is 12 mins, dietary info: Contains Meat, Contains Dairy, Contains Wheat. | ğŸ’° 1,200 | â± 12.0 mins | ğŸ¥— Contains Meat, Contains Dairy, Contains Wheat<br>ğŸ½ Cheesy Chicken & Mushroom Sandwich: Cheesy Chicken & Mushroom Sandwich: Price is 1,240 KES, prep time is 12 mins, dietary info: Contains Meat, Contains Dairy, Contains Wheat. | ğŸ’° 1,240 | â± 12.0 mins | ğŸ¥— Contains Meat, Contains Dairy, Contains Wheat<br>ğŸ½ Triple Decker Sandwich: Triple Decker Sandwich: Price is 1,280 KES, prep time is 12 mins, dietary info: Contains Meat, Contains Dairy, Contains Wheat. | ğŸ’° 1,280 | â± 12.0 mins | ğŸ¥— Contains Meat, Contains Dairy, Contains Wheat<br>ğŸ½ Java Lunch Combo: Java Lunch Combo: Price is 1,440 KES, prep time is 15 mins, dietary info: Contains Meat, Contains Dairy, Contains Wheat (plus sides: soup, chips, salad, or vegetables). | ğŸ’° 1,440 | â± 15.0 mins | ğŸ¥— Contains Meat, Contains Dairy, Contains Wheat (plus sides: soup, chips, salad, or vegetables)<br>ğŸ½ Umami Burger: Umami Burger: Price is 1,340 KES, prep time is 12 mins, dietary info: Contains Meat, Contains Dairy, Contains Wheat. | ğŸ’° 1,340 | â± 12.0 mins | ğŸ¥— Contains Meat, Contains Dairy, Contains Wheat<br>ğŸ½ Hawaiian Caramelized Onion Burger: Hawaiian Caramelized Onion Burger: Price is 1,340 KES, prep time is 12 mins, dietary info: Contains Meat, Contains Dairy, Contains Wheat. | ğŸ’° 1,340 | â± 12.0 mins | ğŸ¥— Contains Meat, Contains Dairy, Contains Wheat<br>ğŸ½ Benâ€™s Burger: Benâ€™s Burger: Price is 1,360 KES, prep time is 12 mins, dietary info: Contains Meat, Contains Dairy, Contains Wheat. | ğŸ’° 1,360 | â± 12.0 mins | ğŸ¥— Contains Meat, Contains Dairy, Contains Wheat<br>ğŸ½ Double-Double Burger: Double-Double Burger: Price is 1,670 KES, prep time is 15 mins, dietary info: Contains Meat, Contains Dairy, Contains Wheat. | ğŸ’° 1,670 | â± 15.0 mins | ğŸ¥— Contains Meat, Contains Dairy, Contains Wheat<br>ğŸ½ Grilled Chicken Burger: Grilled Chicken Burger: Price is 1,260 KES, prep time is 12 mins, dietary info: Contains Meat, Contains Dairy, Contains Wheat. | ğŸ’° 1,260 | â± 12.0 mins | ğŸ¥— Contains Meat, Contains Dairy, Contains Wheat<br>ğŸ½ Crunchy Chicken Burger: Crunchy Chicken Burger: Price is 1,290 KES, prep time is 12 mins, dietary info: Contains Meat, Contains Dairy, Contains Wheat. | ğŸ’° 1,290 | â± 12.0 mins | ğŸ¥— Contains Meat, Contains Dairy, Contains Wheat<br>ğŸ½ Grilled Chicken Cheese Burger: Grilled Chicken Cheese Burger: Price is 1,300 KES, prep time is 12 mins, dietary info: Contains Meat, Contains Dairy, Contains Wheat. | ğŸ’° 1,300 | â± 12.0 mins | ğŸ¥— Contains Meat, Contains Dairy, Contains Wheat<br>ğŸ½ Veggie Cheese Burger: Veggie Cheese Burger: Price is 1,120 KES, prep time is 12 mins, dietary info: Vegetarian, Contains Dairy, Contains Wheat. | ğŸ’° 1,120 | â± 12.0 mins | ğŸ¥— Vegetarian, Contains Dairy, Contains Wheat<br>ğŸ½ Grilled Chicken Fajitas: Grilled Chicken Fajitas: Price is 1,170 KES, prep time is 12 mins, dietary info: Contains Meat, Contains Dairy, Contains Wheat. | ğŸ’° 1,170 | â± 12.0 mins | ğŸ¥— Contains Meat, Contains Dairy, Contains Wheat<br>ğŸ½ Cheese Quesadilla: Cheese Quesadilla: Price is 960 KES, prep time is 10 mins, dietary info: Contains Meat, Contains Dairy, Contains Wheat. | ğŸ’° 960 | â± 10.0 mins | ğŸ¥— Contains Meat, Contains Dairy, Contains Wheat<br>ğŸ½ Veggie Burrito: Veggie Burrito: Price is 1,260 KES, prep time is 12 mins, dietary info: Vegetarian, Contains Dairy, Contains Wheat. | ğŸ’° 1,260 | â± 12.0 mins | ğŸ¥— Vegetarian, Contains Dairy, Contains Wheat<br>ğŸ½ Chicken Burrito: Chicken Burrito: Price is 1,520 KES, prep time is 15 mins, dietary info: Contains Meat, Contains Dairy, Contains Wheat. | ğŸ’° 1,520 | â± 15.0 mins | ğŸ¥— Contains Meat, Contains Dairy, Contains Wheat<br>ğŸ½ Butter Chicken Korma: Butter Chicken Korma: Price is 1,420 KES, prep time is 15 mins, dietary info: Contains Meat, Contains Dairy. | ğŸ’° 1,420 | â± 15.0 mins | ğŸ¥— Contains Meat, Contains Dairy<br>ğŸ½ Swahili Coconut Fish Curry: Swahili Coconut Fish Curry: Price is 1,580 KES, prep time is 15 mins, dietary info: Contains Fish. | ğŸ’° 1,580 | â± 15.0 mins | ğŸ¥— Contains Fish<br>ğŸ½ Breaded Fish: Breaded Fish: Price is 1,580 KES, prep time is 15 mins, dietary info: Contains Fish. | ğŸ’° 1,580 | â± 15.0 mins | ğŸ¥— Contains Fish<br>ğŸ½ Grilled Fish: Grilled Fish: Price is 1,630 KES, prep time is 15 mins, dietary info: Contains Fish. | ğŸ’° 1,630 | â± 15.0 mins | ğŸ¥— Contains Fish<br>ğŸ½ 1/4 Chicken and Chips: 1/4 Chicken and Chips: Price is 710 KES, prep time is 10 mins, dietary info: Contains Meat. | ğŸ’° 710 | â± 10.0 mins | ğŸ¥— Contains Meat<br>ğŸ½ Homestyle Chicken Dhania: Homestyle Chicken Dhania: Price is 1,330 KES, prep time is 15 mins, dietary info: Contains Meat. | ğŸ’° 1,330 | â± 15.0 mins | ğŸ¥— Contains Meat<br>ğŸ½ Grilled Chicken Breast: Grilled Chicken Breast: Price is 1,380 KES, prep time is 15 mins, dietary info: Contains Meat. | ğŸ’° 1,380 | â± 15.0 mins | ğŸ¥— Contains Meat<br>ğŸ½ Roast Half Chicken: Roast Half Chicken: Price is 1,510 KES, prep time is 15 mins, dietary info: Contains Meat. | ğŸ’° 1,510 | â± 15.0 mins | ğŸ¥— Contains Meat<br>ğŸ½ Teriyaki Chicken Stir Fry: Teriyaki Chicken Stir Fry: Price is 1,560 KES, prep time is 15 mins, dietary info: Contains Meat, Contains Soy (sauce), May contain Vegetables. | ğŸ’° 1,560 | â± 15.0 mins | ğŸ¥— Contains Meat, Contains Soy (sauce), May contain Vegetables<br>ğŸ½ Teriyaki Beef Stir Fry: Teriyaki Beef Stir Fry: Price is 1,560 KES, prep time is 15 mins, dietary info: Contains Meat, Contains Soy (sauce), May contain Vegetables. | ğŸ’° 1,560 | â± 15.0 mins | ğŸ¥— Contains Meat, Contains Soy (sauce), May contain Vegetables<br>ğŸ½ Grilled Fillet Steak: Grilled Fillet Steak: Price is 1,660 KES, prep time is 15 mins, dietary info: Contains Meat. | ğŸ’° 1,660 | â± 15.0 mins | ğŸ¥— Contains Meat<br>ğŸ½ Mushroom Fillet Steak: Mushroom Fillet Steak: Price is 1,660 KES, prep time is 15 mins, dietary info: Contains Fish, Contains Dairy. | ğŸ’° 1,660 | â± 15.0 mins | ğŸ¥— Contains Fish, Contains Dairy<br>ğŸ½ Pepper Steak: Pepper Steak: Price is 1,740 KES, prep time is 15 mins, dietary info: Contains Meat. | ğŸ’° 1,740 | â± 15.0 mins | ğŸ¥— Contains Meat<br>ğŸ½ Duo Star: Duo Star: Price is 1,450 KES, prep time is 15 mins, dietary info: Contains Meat (Beef & Chicken), Contains Soy (sauce), May contain Vegetables. | ğŸ’° 1,450 | â± 15.0 mins | ğŸ¥— Contains Meat (Beef & Chicken), Contains Soy (sauce), May contain Vegetables<br>ğŸ½ The Plot Chickens (BBQ Chicken Pizza): The Plot Chickens (BBQ Chicken Pizza): Price is 1,120 KES, prep time is 15 mins, dietary info: Contains Meat, Contains Dairy, Contains Wheat. | ğŸ’° 1,120 | â± 15.0 mins | ğŸ¥— Contains Meat, Contains Dairy, Contains Wheat<br>ğŸ½ Hawaiian-Twist (Sweet & Sour Pineapple & Beef Sausage Pizza): Hawaiian-Twist (Sweet & Sour Pineapple & Beef Sausage Pizza): Price is 1,120 KES, prep time is 15 mins, dietary info: Contains Meat, Contains Dairy, Contains Wheat, Contains Fruit (Pineapple). | ğŸ’° 1,120 | â± 15.0 mins | ğŸ¥— Contains Meat, Contains Dairy, Contains Wheat, Contains Fruit (Pineapple)<br>ğŸ½ Margherita Pizza: Margherita Pizza: Price is 1,010 KES, prep time is 15 mins, dietary info: Vegetarian, Contains Dairy, Contains Wheat. | ğŸ’° 1,010 | â± 15.0 mins | ğŸ¥— Vegetarian, Contains Dairy, Contains Wheat<br>ğŸ½ Steak Sensation Pizza: Steak Sensation Pizza: Price is 1,150 KES, prep time is 15 mins, dietary info: Contains Meat, Contains Dairy, Contains Wheat. | ğŸ’° 1,150 | â± 15.0 mins | ğŸ¥— Contains Meat, Contains Dairy, Contains Wheat<br>ğŸ½ Egg and Cheese Burrito with Steak and Egg: Egg and Cheese Burrito with Steak and Egg: Price is 1,440 KES, prep time is 12 mins, dietary info: Contains Meat, Contains Eggs, Contains Dairy. | ğŸ’° 1,440 | â± 12.0 mins | ğŸ¥— Contains Meat, Contains Eggs, Contains Dairy<br>ğŸ½ Chips spiced or regular: Chips spiced or regular: Price is 430 KES, prep time is 5 mins, dietary info: Vegetarian, Vegan. | ğŸ’° 430 | â± 5.0 mins | ğŸ¥— Vegetarian, Vegan<br>ğŸ½ Potato Wedges spiced or regular: Potato Wedges spiced or regular: Price is 430 KES, prep time is 5 mins, dietary info: Vegetarian, Vegan. | ğŸ’° 430 | â± 5.0 mins | ğŸ¥— Vegetarian, Vegan<br>ğŸ½ Chips Masala: Chips Masala: Price is 580 KES, prep time is 6 mins, dietary info: Vegetarian, Vegan. | ğŸ’° 580 | â± 6.0 mins | ğŸ¥— Vegetarian, Vegan<br>ğŸ½ Mushroom Chips: Mushroom Chips: Price is 740 KES, prep time is 7 mins, dietary info: Vegetarian, Contains Dairy. | ğŸ’° 740 | â± 7.0 mins | ğŸ¥— Vegetarian, Contains Dairy<br>ğŸ½ Chips & Beef Sausage: Chips & Beef Sausage: Price is 740 KES, prep time is 7 mins, dietary info: Contains Meat, Contains Dairy. | ğŸ’° 740 | â± 7.0 mins | ğŸ¥— Contains Meat, Contains Dairy<br>ğŸ½ Loaded Fries: Loaded Fries: Price is 1,260 KES, prep time is 12 mins, dietary info: Contains Meat, Contains Dairy. | ğŸ’° 1,260 | â± 12.0 mins | ğŸ¥— Contains Meat, Contains Dairy<br>ğŸ½ Steak Pie: Steak Pie: Price is 510 KES, prep time is 10 mins, dietary info: Contains Meat, Contains Wheat. | ğŸ’° 510 | â± 10.0 mins | ğŸ¥— Contains Meat, Contains Wheat<br>ğŸ½ Beef Sausage Roll: Beef Sausage Roll: Price is 520 KES, prep time is 10 mins, dietary info: Contains Meat, Contains Wheat. | ğŸ’° 520 | â± 10.0 mins | ğŸ¥— Contains Meat, Contains Wheat<br>ğŸ½ Hotdogs (Al a Carte): Hotdogs (Al a Carte): Price is 700 KES, prep time is 7 mins, dietary info: Contains Meat, Contains Wheat. | ğŸ’° 700 | â± 7.0 mins | ğŸ¥— Contains Meat, Contains Wheat<br>ğŸ½ 2 Hotdogs with Chips: 2 Hotdogs with Chips: Price is 860 KES, prep time is 10 mins, dietary info: Contains Meat, Contains Wheat. | ğŸ’° 860 | â± 10.0 mins | ğŸ¥— Contains Meat, Contains Wheat<br>ğŸ½ Chicken Wings 5 Pieces: Chicken Wings 5 Pieces: Price is 750 KES, prep time is 10 mins, dietary info: Contains Meat. | ğŸ’° 750 | â± 10.0 mins | ğŸ¥— Contains Meat<br>ğŸ½ Chicken Wings 10 Pieces: Chicken Wings 10 Pieces: Price is 1,170 KES, prep time is 15 mins, dietary info: Contains Meat. | ğŸ’° 1,170 | â± 15.0 mins | ğŸ¥— Contains Meat<br>ğŸ½ California Garden Salad with spicy chicken: California Garden Salad with spicy chicken: Price is 1,100 KES, prep time is 10 mins, dietary info: Contains Meat, Vegetarian option. | ğŸ’° 1,100 | â± 10.0 mins | ğŸ¥— Contains Meat, Vegetarian option<br>ğŸ½ Grilled Chicken Strip Salad with honey mustard dressing: Grilled Chicken Strip Salad with honey mustard dressing: Price is 1,120 KES, prep time is 12 mins, dietary info: Contains Meat. | ğŸ’° 1,120 | â± 12.0 mins | ğŸ¥— Contains Meat<br>ğŸ½ Spicy Thai Chicken Salad: Spicy Thai Chicken Salad: Price is 1,280 KES, prep time is 12 mins, dietary info: Contains Meat. | ğŸ’° 1,280 | â± 12.0 mins | ğŸ¥— Contains Meat<br>ğŸ½ Apple, Carrot & Roasted Cashew Salad: Apple, Carrot & Roasted Cashew Salad: Price is 1,080 KES, prep time is 10 mins, dietary info: Vegetarian, Contains Nuts. | ğŸ’° 1,080 | â± 10.0 mins | ğŸ¥— Vegetarian, Contains Nuts<br>ğŸ½ Add Chicken Breast (extra): Add Chicken Breast (extra): Price is 450 KES, prep time is 5 mins, dietary info: Contains Meat. | ğŸ’° 450 | â± 5.0 mins | ğŸ¥— Contains Meat<br>ğŸ½ Tea (Regular or Masala): Tea (Regular or Masala): Price is 250 KES, prep time is 5 mins, dietary info: Vegetarian. | ğŸ’° 250 | â± 5.0 mins | ğŸ¥— Vegetarian<br>ğŸ½ Americano: Americano: Price is 350 KES, prep time is 5 mins, dietary info: Vegetarian. | ğŸ’° 350 | â± 5.0 mins | ğŸ¥— Vegetarian<br>ğŸ½ Latte: Latte: Price is 450 KES, prep time is 5 mins, dietary info: Vegetarian, Contains Dairy. | ğŸ’° 450 | â± 5.0 mins | ğŸ¥— Vegetarian, Contains Dairy<br>ğŸ½ Cappuccino: Cappuccino: Price is 300 KES, prep time is 5 mins, dietary info: Vegetarian, Contains Dairy. | ğŸ’° 300 | â± 5.0 mins | ğŸ¥— Vegetarian, Contains Dairy<br>ğŸ½ Small Fresh Juice: Small Fresh Juice: Price is 350 KES, prep time is 5 mins, dietary info: Vegetarian, Vegan. | ğŸ’° 350 | â± 5.0 mins | ğŸ¥— Vegetarian, Vegan<br>ğŸ½ Pineapple: Pineapple: Price is 160 KES, prep time is 1 mins, dietary info: Vegetarian, Vegan. | ğŸ’° 160 | â± 1.0 mins | ğŸ¥— Vegetarian, Vegan<br>ğŸ½ Mozzarella or Halloumi Cheese: Mozzarella or Halloumi Cheese: Price is 230 KES, prep time is 1 mins, dietary info: Vegetarian, Contains Dairy. | ğŸ’° 230 | â± 1.0 mins | ğŸ¥— Vegetarian, Contains Dairy<br>ğŸ½ Mushroom: Mushroom: Price is 270 KES, prep time is 2 mins, dietary info: Vegetarian, Vegan. | ğŸ’° 270 | â± 2.0 mins | ğŸ¥— Vegetarian, Vegan<br>ğŸ½ Beef Sausage: Beef Sausage: Price is 340 KES, prep time is 2 mins, dietary info: Contains Meat. | ğŸ’° 340 | â± 2.0 mins | ğŸ¥— Contains Meat<br>ğŸ½ Beef: Beef: Price is 430 KES, prep time is 2 mins, dietary info: Contains Meat. | ğŸ’° 430 | â± 2.0 mins | ğŸ¥— Contains Meat<br>ğŸ½ Chicken: Chicken: Price is 430 KES, prep time is 2 mins, dietary info: Contains Meat. | ğŸ’° 430 | â± 2.0 mins | ğŸ¥— Contains Meat",1.0
2025-11-29T10:28:11.747562,Snacks,"<div style='border:2px solid #FF5733; padding:10px; border-radius:10px; background-color:#FFF5F0'><b>Mushroom Chips</b><br>Mushroom Chips: Price is 740 KES, prep time is 7 mins, dietary info: Vegetarian, Contains Dairy.<br><i>ğŸ’° 740 | â± 7.0 mins | ğŸ¥— Vegetarian, Contains Dairy</i></div>",0.533787190914154
2025-11-29T10:32:33.783414,Guacamole,"<div style='border:2px solid #FF5733; padding:10px; border-radius:10px; background-color:#FFF5F0'><b>Guacamole</b><br>Guacamole: Price is 230 KES, prep time is 3 mins, dietary info: Vegetarian, Vegan.<br><i>ğŸ’° 230 | â± 3.0 mins | ğŸ¥— Vegetarian, Vegan</i></div>",1.0
2025-11-29T10:32:46.750747,Delivery,ğŸšš We offer delivery within Nairobi. Delivery charges may apply.,1.0
2025-11-29T10:32:57.858235,Opening Hours,â° We are open daily from 9 AM to 11 PM.,1.0
2025-11-29T10:33:08.845582,Contact INFO,ğŸ“§ You can reach us at java@example.com or call +254 700 000 000.,1.0
2025-11-29T10:33:46.345009,Do you have coffee,Of course! All coffee drinks can be made decaf.,0.6103037595748901
2025-11-29T10:34:06.527108,Do you have vegan dishes,"Sure do! Try our Veggie Burger, salads, or smoothies. Weâ€™ve got a few vegan choices too.",0.8052008748054504
2025-11-29T10:43:07.864869,what are vegan options,"Sure do! Try our Veggie Burger, salads, or smoothies. Weâ€™ve got a few vegan choices too.",0.7975642681121826
2025-11-29T10:43:23.408447,Like?,"ğŸ¤” I'm not sure about that. Did you mean: Is there a happy hour?, Name, Eggs The Way You Like?",0.22295008599758148
2025-11-29T10:43:39.234847,Is there a happy hour,Occasionally! Check our Promotions sheet or social media for details.,0.9887351989746094
2025-11-29T10:44:21.920208,Do you have Guacamole,"<div style='border:2px solid #FF5733; padding:10px; border-radius:10px; background-color:#FFF5F0'><b>Guacamole</b><br>Guacamole: Price is 230 KES, prep time is 3 mins, dietary info: Vegetarian, Vegan.<br><i>ğŸ’° 230 | â± 3.0 mins | ğŸ¥— Vegetarian, Vegan</i></div>",0.7942672967910767
2025-11-29T10:44:39.453294,Do you have reservations,ğŸ“ You can reserve a table by calling us at +254 700 000 000 or asking here.,1.0
2025-11-29T10:45:23.126582,What are the payment methods,"We accept cash, cards, and M-Pesa.",0.9497153162956238
2025-11-29T12:41:09.554798,What are your opening hours?,â° We are open daily from 9 AM to 11 PM.,1.0
2025-11-29T12:41:09.640006,Do you have vegetarian food?,"Yes! We have several vegetarian dishes like Veggie Burger, Potato Wedges, and Mushroom Chips.",0.9153445959091187
2025-11-29T12:41:09.642833,Can I reserve a table?,ğŸ“ You can reserve a table by calling us at +254 700 000 000 or asking here.,1.0
2025-11-29T12:41:09.647431,Tell me about kids menu options,"ğŸ½ Giant Beef Samosa: Giant Beef Samosa: Price is 320 KES, prep time is 8 mins, dietary info: Contains Meat, Contains Wheat. | ğŸ’° 320 | â± 8.0 mins | ğŸ¥— Contains Meat, Contains Wheat<br>ğŸ½ Chicken Pie: Chicken Pie: Price is 350 KES, prep time is 10 mins, dietary info: Contains Meat, Contains Wheat. | ğŸ’° 350 | â± 10.0 mins | ğŸ¥— Contains Meat, Contains Wheat<br>ğŸ½ Classic Smash Burger: Classic Smash Burger: Price is 1140 KES, prep time is 15 mins, dietary info: Contains Meat, Contains Dairy, Contains Wheat. | ğŸ’° 1140 | â± 15.0 mins | ğŸ¥— Contains Meat, Contains Dairy, Contains Wheat<br>ğŸ½ Veggie Burger: Veggie Burger: Price is 780 KES, prep time is 15 mins, dietary info: Vegetarian, Contains Dairy, Contains Wheat. | ğŸ’° 780 | â± 15.0 mins | ğŸ¥— Vegetarian, Contains Dairy, Contains Wheat<br>ğŸ½ Chicken Quesadilla: Chicken Quesadilla: Price is 1080 KES, prep time is 12 mins, dietary info: Contains Meat, Contains Dairy, Contains Wheat. | ğŸ’° 1080 | â± 12.0 mins | ğŸ¥— Contains Meat, Contains Dairy, Contains Wheat<br>ğŸ½ Java Special Chicken Curry: Java Special Chicken Curry: Price is 1110 KES, prep time is 20 mins, dietary info: Contains Meat. | ğŸ’° 1110 | â± 20.0 mins | ğŸ¥— Contains Meat<br>ğŸ½ Crispy Chicken Breast Salad: Crispy Chicken Breast Salad: Price is 950 KES, prep time is 12 mins, dietary info: Contains Meat, Contains Nuts. | ğŸ’° 950 | â± 12.0 mins | ğŸ¥— Contains Meat, Contains Nuts<br>ğŸ½ Chocolate Fudge Cake: Chocolate Fudge Cake: Price is 480 KES, prep time is 7 mins, dietary info: Vegetarian, Contains Dairy, Contains Wheat, Contains Eggs. | ğŸ’° 480 | â± 7.0 mins | ğŸ¥— Vegetarian, Contains Dairy, Contains Wheat, Contains Eggs<br>ğŸ½ Double Vanilla Latte: Double Vanilla Latte: Price is 400 KES, prep time is 5 mins, dietary info: Vegetarian, Contains Dairy. | ğŸ’° 400 | â± 5.0 mins | ğŸ¥— Vegetarian, Contains Dairy<br>ğŸ½ Sweet Crepes Combo: Sweet Crepes Combo: Price is 1,240 KES, prep time is 12 mins, dietary info: Contains Dairy, Contains Wheat, Contains Eggs. | ğŸ’° 1,240 | â± 12.0 mins | ğŸ¥— Contains Dairy, Contains Wheat, Contains Eggs<br>ğŸ½ Fruit Salad (plain): Fruit Salad (plain): Price is 550 KES, prep time is 5 mins, dietary info: Vegetarian, Vegan. | ğŸ’° 550 | â± 5.0 mins | ğŸ¥— Vegetarian, Vegan<br>ğŸ½ Fruit Salad with Yogurt, Honey & Nuts: Fruit Salad with Yogurt, Honey & Nuts: Price is 770 KES, prep time is 5 mins, dietary info: Vegetarian, Contains Nuts, Contains Dairy, Contains Honey. | ğŸ’° 770 | â± 5.0 mins | ğŸ¥— Vegetarian, Contains Nuts, Contains Dairy, Contains Honey<br>ğŸ½ Hot Oatmeal Porridge Half Serve: Hot Oatmeal Porridge Half Serve: Price is 360 KES, prep time is 5 mins, dietary info: Vegetarian, Contains Dairy, Contains Nuts. | ğŸ’° 360 | â± 5.0 mins | ğŸ¥— Vegetarian, Contains Dairy, Contains Nuts<br>ğŸ½ Hot Oatmeal Porridge Full Serve: Hot Oatmeal Porridge Full Serve: Price is 750 KES, prep time is 8 mins, dietary info: Vegetarian, Contains Dairy, Contains Nuts. | ğŸ’° 750 | â± 8.0 mins | ğŸ¥— Vegetarian, Contains Dairy, Contains Nuts<br>ğŸ½ Homemade Granola: Homemade Granola: Price is 350 KES, prep time is 5 mins, dietary info: Vegetarian, Contains Nuts. | ğŸ’° 350 | â± 5.0 mins | ğŸ¥— Vegetarian, Contains Nuts<br>ğŸ½ Homemade Granola with Yogurt & Honey/Grapes: Homemade Granola with Yogurt & Honey/Grapes: Price is 740 KES, prep time is 6 mins, dietary info: Vegetarian, Contains Nuts, Contains Dairy, Contains Honey. | ğŸ’° 740 | â± 6.0 mins | ğŸ¥— Vegetarian, Contains Nuts, Contains Dairy, Contains Honey<br>ğŸ½ Al a Carte Sweet Crepes: Al a Carte Sweet Crepes: Price is 300 KES, prep time is 7 mins, dietary info: Contains Dairy, Contains Wheat, Contains Eggs. | ğŸ’° 300 | â± 7.0 mins | ğŸ¥— Contains Dairy, Contains Wheat, Contains Eggs<br>ğŸ½ Single Fluffy Homemade Pancake: Single Fluffy Homemade Pancake: Price is 380 KES, prep time is 7 mins, dietary info: Vegetarian, Contains Dairy, Contains Wheat, Contains Eggs. | ğŸ’° 380 | â± 7.0 mins | ğŸ¥— Vegetarian, Contains Dairy, Contains Wheat, Contains Eggs<br>ğŸ½ Classic Pancakes: Classic Pancakes: Price is 780 KES, prep time is 10 mins, dietary info: Vegetarian, Contains Dairy, Contains Wheat, Contains Eggs. | ğŸ’° 780 | â± 10.0 mins | ğŸ¥— Vegetarian, Contains Dairy, Contains Wheat, Contains Eggs<br>ğŸ½ Pancakes Combo: Pancakes Combo: Price is 1,070 KES, prep time is 12 mins, dietary info: Vegetarian, Contains Dairy, Contains Wheat, Contains Eggs. | ğŸ’° 1,070 | â± 12.0 mins | ğŸ¥— Vegetarian, Contains Dairy, Contains Wheat, Contains Eggs<br>ğŸ½ Al a Carte French Toast: Al a Carte French Toast: Price is 620 KES, prep time is 8 mins, dietary info: Vegetarian, Contains Dairy, Contains Wheat, Contains Eggs. | ğŸ’° 620 | â± 8.0 mins | ğŸ¥— Vegetarian, Contains Dairy, Contains Wheat, Contains Eggs<br>ğŸ½ French Toast Combo: French Toast Combo: Price is 1,260 KES, prep time is 12 mins, dietary info: Vegetarian, Contains Dairy, Contains Wheat, Contains Eggs. | ğŸ’° 1,260 | â± 12.0 mins | ğŸ¥— Vegetarian, Contains Dairy, Contains Wheat, Contains Eggs<br>ğŸ½ Homefry Heaven: Homefry Heaven: Price is 950 KES, prep time is 10 mins, dietary info: Vegetarian, Contains Dairy. | ğŸ’° 950 | â± 10.0 mins | ğŸ¥— Vegetarian, Contains Dairy<br>ğŸ½ Eggs The Way You Like: Eggs The Way You Like: Price is 570 KES, prep time is 7 mins, dietary info: Vegetarian, Contains Eggs, Contains Dairy. | ğŸ’° 570 | â± 7.0 mins | ğŸ¥— Vegetarian, Contains Eggs, Contains Dairy<br>ğŸ½ Eggs The Way You Like with Chips/Homefries: Eggs The Way You Like with Chips/Homefries: Price is 740 KES, prep time is 10 mins, dietary info: Vegetarian, Contains Eggs, Contains Dairy. | ğŸ’° 740 | â± 10.0 mins | ğŸ¥— Vegetarian, Contains Eggs, Contains Dairy<br>ğŸ½ Eggs The Way You Like with Beef Sausage: Eggs The Way You Like with Beef Sausage: Price is 960 KES, prep time is 12 mins, dietary info: Contains Meat, Contains Eggs, Contains Dairy. | ğŸ’° 960 | â± 12.0 mins | ğŸ¥— Contains Meat, Contains Eggs, Contains Dairy<br>ğŸ½ Breakfast Sandwiches - Egg & Cheese: Breakfast Sandwiches - Egg & Cheese: Price is 740 KES, prep time is 7 mins, dietary info: Vegetarian, Contains Eggs, Contains Dairy. | ğŸ’° 740 | â± 7.0 mins | ğŸ¥— Vegetarian, Contains Eggs, Contains Dairy<br>ğŸ½ Breakfast Sandwiches - Egg & Cheese with Beef Sausage: Breakfast Sandwiches - Egg & Cheese with Beef Sausage: Price is 880 KES, prep time is 8 mins, dietary info: Contains Meat, Contains Eggs, Contains Dairy. | ğŸ’° 880 | â± 8.0 mins | ğŸ¥— Contains Meat, Contains Eggs, Contains Dairy<br>ğŸ½ Breakfast Sandwich Combo: Breakfast Sandwich Combo: Price is 1,260 KES, prep time is 12 mins, dietary info: Contains Meat, Contains Eggs, Contains Dairy. | ğŸ’° 1,260 | â± 12.0 mins | ğŸ¥— Contains Meat, Contains Eggs, Contains Dairy<br>ğŸ½ Egg & Veg Omelette Combo: Egg & Veg Omelette Combo: Price is 1,260 KES, prep time is 12 mins, dietary info: Vegetarian, Contains Eggs, Contains Dairy. | ğŸ’° 1,260 | â± 12.0 mins | ğŸ¥— Vegetarian, Contains Eggs, Contains Dairy<br>ğŸ½ Breakfast Maxi Combo: Breakfast Maxi Combo: Price is 1,260 KES, prep time is 15 mins, dietary info: Contains Meat, Contains Eggs, Contains Dairy. | ğŸ’° 1,260 | â± 15.0 mins | ğŸ¥— Contains Meat, Contains Eggs, Contains Dairy<br>ğŸ½ Steak and Eggs: Steak and Eggs: Price is 1,260 KES, prep time is 15 mins, dietary info: Contains Meat, Contains Eggs, Contains Dairy. | ğŸ’° 1,260 | â± 15.0 mins | ğŸ¥— Contains Meat, Contains Eggs, Contains Dairy<br>ğŸ½ Full Java Breakfast Combo: Full Java Breakfast Combo: Price is 1,360 KES, prep time is 15 mins, dietary info: Contains Meat, Contains Eggs, Contains Dairy. | ğŸ’° 1,360 | â± 15.0 mins | ğŸ¥— Contains Meat, Contains Eggs, Contains Dairy<br>ğŸ½ Egg & Cheese Burrito: Egg & Cheese Burrito: Price is 1,030 KES, prep time is 12 mins, dietary info: Vegetarian, Contains Eggs, Contains Dairy. | ğŸ’° 1,030 | â± 12.0 mins | ğŸ¥— Vegetarian, Contains Eggs, Contains Dairy<br>ğŸ½ Omelette Plain: Omelette Plain: Price is 740 KES, prep time is 8 mins, dietary info: Vegetarian, Contains Eggs. | ğŸ’° 740 | â± 8.0 mins | ğŸ¥— Vegetarian, Contains Eggs<br>ğŸ½ Omelette Spanish: Omelette Spanish: Price is 880 KES, prep time is 8 mins, dietary info: Vegetarian, Contains Eggs. | ğŸ’° 880 | â± 8.0 mins | ğŸ¥— Vegetarian, Contains Eggs<br>ğŸ½ Omelette Mushroom, Basil & Cheese: Omelette Mushroom, Basil & Cheese: Price is 980 KES, prep time is 10 mins, dietary info: Vegetarian, Contains Eggs, Contains Dairy. | ğŸ’° 980 | â± 10.0 mins | ğŸ¥— Vegetarian, Contains Eggs, Contains Dairy<br>ğŸ½ Omelette Denver: Omelette Denver: Price is 980 KES, prep time is 10 mins, dietary info: Contains Meat, Contains Eggs, Contains Dairy. | ğŸ’° 980 | â± 10.0 mins | ğŸ¥— Contains Meat, Contains Eggs, Contains Dairy<br>ğŸ½ Build Your Own Omelette - Cheese: Build Your Own Omelette - Cheese: Price is 230 KES, prep time is 2 mins, dietary info: Vegetarian. | ğŸ’° 230 | â± 2.0 mins | ğŸ¥— Vegetarian<br>ğŸ½ Build Your Own Omelette - Beef Sausage: Build Your Own Omelette - Beef Sausage: Price is 340 KES, prep time is 2 mins, dietary info: Vegetarian, Contains Eggs. | ğŸ’° 340 | â± 2.0 mins | ğŸ¥— Vegetarian, Contains Eggs<br>ğŸ½ Build Your Own Omelette - Tomato: Build Your Own Omelette - Tomato: Price is 70 KES, prep time is 1 mins, dietary info: Vegetarian, Contains Eggs, Contains Dairy, Contains Tomato. | ğŸ’° 70 | â± 1.0 mins | ğŸ¥— Vegetarian, Contains Eggs, Contains Dairy, Contains Tomato<br>ğŸ½ Build Your Own Omelette - Onions: Build Your Own Omelette - Onions: Price is 70 KES, prep time is 1 mins, dietary info: Vegetarian, Contains Eggs, Contains Dairy, Contains Onion. | ğŸ’° 70 | â± 1.0 mins | ğŸ¥— Vegetarian, Contains Eggs, Contains Dairy, Contains Onion<br>ğŸ½ Build Your Own Omelette - Bell Pepper: Build Your Own Omelette - Bell Pepper: Price is 70 KES, prep time is 1 mins, dietary info: Vegetarian, Contains Eggs, Contains Dairy, Contains Bell Pepper. | ğŸ’° 70 | â± 1.0 mins | ğŸ¥— Vegetarian, Contains Eggs, Contains Dairy, Contains Bell Pepper<br>ğŸ½ Build Your Own Omelette - Mushrooms: Build Your Own Omelette - Mushrooms: Price is 210 KES, prep time is 2 mins, dietary info: Vegetarian, Contains Dairy, Contains Eggs, Contains Mushrooms. | ğŸ’° 210 | â± 2.0 mins | ğŸ¥— Vegetarian, Contains Dairy, Contains Eggs, Contains Mushrooms<br>ğŸ½ Baked Beans: Baked Beans: Price is 180 KES, prep time is 5 mins, dietary info: Vegetarian. | ğŸ’° 180 | â± 5.0 mins | ğŸ¥— Vegetarian<br>ğŸ½ One Egg: One Egg: Price is 190 KES, prep time is 3 mins, dietary info: Vegetarian, Contains Eggs. | ğŸ’° 190 | â± 3.0 mins | ğŸ¥— Vegetarian, Contains Eggs<br>ğŸ½ Salsa: Salsa: Price is 190 KES, prep time is 2 mins, dietary info: Vegetarian. | ğŸ’° 190 | â± 2.0 mins | ğŸ¥— Vegetarian<br>ğŸ½ Toast: Toast: Price is 190 KES, prep time is 2 mins, dietary info: Vegetarian, Contains Wheat. | ğŸ’° 190 | â± 2.0 mins | ğŸ¥— Vegetarian, Contains Wheat<br>ğŸ½ Honey Peanuts: Honey Peanuts: Price is 230 KES, prep time is 1 mins, dietary info: Vegetarian, Contains Nuts, Contains Honey. | ğŸ’° 230 | â± 1.0 mins | ğŸ¥— Vegetarian, Contains Nuts, Contains Honey<br>ğŸ½ Guacamole: Guacamole: Price is 230 KES, prep time is 3 mins, dietary info: Vegetarian, Vegan. | ğŸ’° 230 | â± 3.0 mins | ğŸ¥— Vegetarian, Vegan<br>ğŸ½ Parsley Wedges: Parsley Wedges: Price is 310 KES, prep time is 5 mins, dietary info: Vegetarian, Vegan. | ğŸ’° 310 | â± 5.0 mins | ğŸ¥— Vegetarian, Vegan<br>ğŸ½ Homefries: Homefries: Price is 320 KES, prep time is 7 mins, dietary info: Vegetarian, Vegan. | ğŸ’° 320 | â± 7.0 mins | ğŸ¥— Vegetarian, Vegan<br>ğŸ½ Sukumawiki: Sukumawiki: Price is 360 KES, prep time is 7 mins, dietary info: Vegetarian, Vegan. | ğŸ’° 360 | â± 7.0 mins | ğŸ¥— Vegetarian, Vegan<br>ğŸ½ Cashew Nuts: Cashew Nuts: Price is 390 KES, prep time is 1 mins, dietary info: Vegetarian, Contains Nuts. | ğŸ’° 390 | â± 1.0 mins | ğŸ¥— Vegetarian, Contains Nuts<br>ğŸ½ 2 Beef Sausages: 2 Beef Sausages: Price is 430 KES, prep time is 5 mins, dietary info: Contains Meat. | ğŸ’° 430 | â± 5.0 mins | ğŸ¥— Contains Meat<br>ğŸ½ Grilled Onions: Grilled Onions: Price is 150 KES, prep time is 3 mins, dietary info: ,Vegeterian,Contains Onions. | ğŸ’° 150 | â± 3.0 mins | ğŸ¥— ,Vegeterian,Contains Onions<br>ğŸ½ Avocado: Avocado: Price is 170 KES, prep time is 2 mins, dietary info: Vegetarian. | ğŸ’° 170 | â± 2.0 mins | ğŸ¥— Vegetarian<br>ğŸ½ Charred Bell Peppers: Charred Bell Peppers: Price is 180 KES, prep time is 3 mins, dietary info: Vegeterian,Contains Bell Peppers. | ğŸ’° 180 | â± 3.0 mins | ğŸ¥— Vegeterian,Contains Bell Peppers<br>ğŸ½ Mushroom Sauce: Mushroom Sauce: Price is 210 KES, prep time is 3 mins, dietary info: Vegetarian, Vegan. | ğŸ’° 210 | â± 3.0 mins | ğŸ¥— Vegetarian, Vegan<br>ğŸ½ Gherkins: Gherkins: Price is 220 KES, prep time is 1 mins, dietary info: Vegetarian, Contains Dairy. | ğŸ’° 220 | â± 1.0 mins | ğŸ¥— Vegetarian, Contains Dairy<br>ğŸ½ Cheese: Cheese: Price is 220 KES, prep time is 1 mins, dietary info: Vegetarian, Vegan. | ğŸ’° 220 | â± 1.0 mins | ğŸ¥— Vegetarian, Vegan<br>ğŸ½ Chapati (2): Chapati (2): Price is 270 KES, prep time is 5 mins, dietary info: Vegetarian, Vegan, Contains Wheat. | ğŸ’° 270 | â± 5.0 mins | ğŸ¥— Vegetarian, Vegan, Contains Wheat<br>ğŸ½ Mashed Potatoes: Mashed Potatoes: Price is 310 KES, prep time is 5 mins, dietary info: Vegetarian, Contains Dairy. | ğŸ’° 310 | â± 5.0 mins | ğŸ¥— Vegetarian, Contains Dairy<br>ğŸ½ White Rice: White Rice: Price is 310 KES, prep time is 5 mins, dietary info: Vegetarian, Vegan. | ğŸ’° 310 | â± 5.0 mins | ğŸ¥— Vegetarian, Vegan<br>ğŸ½ Mexican Beans: Mexican Beans: Price is 310 KES, prep time is 5 mins, dietary info: Vegetarian, Vegan. | ğŸ’° 310 | â± 5.0 mins | ğŸ¥— Vegetarian, Vegan<br>ğŸ½ Stir Fried Rice: Stir Fried Rice: Price is 320 KES, prep time is 6 mins, dietary info: Vegetarian, May contain Eggs/Dairy depending on recipe. | ğŸ’° 320 | â± 6.0 mins | ğŸ¥— Vegetarian, May contain Eggs/Dairy depending on recipe<br>ğŸ½ Mexican Rice: Mexican Rice: Price is 320 KES, prep time is 6 mins, dietary info: Vegetarian, Vegan. | ğŸ’° 320 | â± 6.0 mins | ğŸ¥— Vegetarian, Vegan<br>ğŸ½ Steamed Vegetables: Steamed Vegetables: Price is 360 KES, prep time is 5 mins, dietary info: Vegetarian, Vegan. | ğŸ’° 360 | â± 5.0 mins | ğŸ¥— Vegetarian, Vegan<br>ğŸ½ Crunchy Chicken Strip Wrap: Crunchy Chicken Strip Wrap: Price is 1,140 KES, prep time is 12 mins, dietary info: Contains Meat, Contains Dairy, Contains Wheat. | ğŸ’° 1,140 | â± 12.0 mins | ğŸ¥— Contains Meat, Contains Dairy, Contains Wheat<br>ğŸ½ Halloumi & Avocado Wrap: Halloumi & Avocado Wrap: Price is 1,050 KES, prep time is 10 mins, dietary info: Vegetarian, Contains Dairy, Contains Wheat. | ğŸ’° 1,050 | â± 10.0 mins | ğŸ¥— Vegetarian, Contains Dairy, Contains Wheat<br>ğŸ½ Chicken Fajita Wrap: Chicken Fajita Wrap: Price is 1,190 KES, prep time is 12 mins, dietary info: Contains Meat, Contains Dairy, Contains Wheat. | ğŸ’° 1,190 | â± 12.0 mins | ğŸ¥— Contains Meat, Contains Dairy, Contains Wheat<br>ğŸ½ California Chicken Wrap: California Chicken Wrap: Price is 1,190 KES, prep time is 12 mins, dietary info: Contains Meat, Contains Dairy, Contains Wheat. | ğŸ’° 1,190 | â± 12.0 mins | ğŸ¥— Contains Meat, Contains Dairy, Contains Wheat<br>ğŸ½ BBQ Chicken & Cheese Wrap: BBQ Chicken & Cheese Wrap: Price is 1,160 KES, prep time is 12 mins, dietary info: Vegetarian, Contains Dairy, Contains Wheat. | ğŸ’° 1,160 | â± 12.0 mins | ğŸ¥— Vegetarian, Contains Dairy, Contains Wheat<br>ğŸ½ Grilled Cheese Sandwich: Grilled Cheese Sandwich: Price is 880 KES, prep time is 7 mins, dietary info: Vegetarian, Contains Dairy, Contains Wheat. | ğŸ’° 880 | â± 7.0 mins | ğŸ¥— Vegetarian, Contains Dairy, Contains Wheat<br>ğŸ½ Avocado, Cheese & Tomato Sandwich: Avocado, Cheese & Tomato Sandwich: Price is 890 KES, prep time is 7 mins, dietary info: Vegetarian, Contains Dairy, Contains Wheat. | ğŸ’° 890 | â± 7.0 mins | ğŸ¥— Vegetarian, Contains Dairy, Contains Wheat<br>ğŸ½ Chicken & Cheese Sandwich: Chicken & Cheese Sandwich: Price is 890 KES, prep time is 8 mins, dietary info: Contains Meat, Contains Dairy, Contains Wheat. | ğŸ’° 890 | â± 8.0 mins | ğŸ¥— Contains Meat, Contains Dairy, Contains Wheat<br>ğŸ½ BBQ Chicken Club: BBQ Chicken Club: Price is 890 KES, prep time is 8 mins, dietary info: Contains Meat, Contains Dairy, Contains Wheat. | ğŸ’° 890 | â± 8.0 mins | ğŸ¥— Contains Meat, Contains Dairy, Contains Wheat<br>ğŸ½ Vegetable & Halloumi Panini: Vegetable & Halloumi Panini: Price is 1,070 KES, prep time is 10 mins, dietary info: Vegetarian, Contains Dairy, Contains Wheat. | ğŸ’° 1,070 | â± 10.0 mins | ğŸ¥— Vegetarian, Contains Dairy, Contains Wheat<br>ğŸ½ Grilled Veggie Sandwich with Red Pepper Spread: Grilled Veggie Sandwich with Red Pepper Spread: Price is 1,080 KES, prep time is 10 mins, dietary info: Vegetarian, Contains Dairy, Contains Wheat. | ğŸ’° 1,080 | â± 10.0 mins | ğŸ¥— Vegetarian, Contains Dairy, Contains Wheat<br>ğŸ½ Grilled Chicken & Sundried Tomato Sandwich: Grilled Chicken & Sundried Tomato Sandwich: Price is 1,200 KES, prep time is 12 mins, dietary info: Contains Meat, Contains Dairy, Contains Wheat. | ğŸ’° 1,200 | â± 12.0 mins | ğŸ¥— Contains Meat, Contains Dairy, Contains Wheat<br>ğŸ½ Cheesy Chicken & Mushroom Sandwich: Cheesy Chicken & Mushroom Sandwich: Price is 1,240 KES, prep time is 12 mins, dietary info: Contains Meat, Contains Dairy, Contains Wheat. | ğŸ’° 1,240 | â± 12.0 mins | ğŸ¥— Contains Meat, Contains Dairy, Contains Wheat<br>ğŸ½ Triple Decker Sandwich: Triple Decker Sandwich: Price is 1,280 KES, prep time is 12 mins, dietary info: Contains Meat, Contains Dairy, Contains Wheat. | ğŸ’° 1,280 | â± 12.0 mins | ğŸ¥— Contains Meat, Contains Dairy, Contains Wheat<br>ğŸ½ Java Lunch Combo: Java Lunch Combo: Price is 1,440 KES, prep time is 15 mins, dietary info: Contains Meat, Contains Dairy, Contains Wheat (plus sides: soup, chips, salad, or vegetables). | ğŸ’° 1,440 | â± 15.0 mins | ğŸ¥— Contains Meat, Contains Dairy, Contains Wheat (plus sides: soup, chips, salad, or vegetables)<br>ğŸ½ Umami Burger: Umami Burger: Price is 1,340 KES, prep time is 12 mins, dietary info: Contains Meat, Contains Dairy, Contains Wheat. | ğŸ’° 1,340 | â± 12.0 mins | ğŸ¥— Contains Meat, Contains Dairy, Contains Wheat<br>ğŸ½ Hawaiian Caramelized Onion Burger: Hawaiian Caramelized Onion Burger: Price is 1,340 KES, prep time is 12 mins, dietary info: Contains Meat, Contains Dairy, Contains Wheat. | ğŸ’° 1,340 | â± 12.0 mins | ğŸ¥— Contains Meat, Contains Dairy, Contains Wheat<br>ğŸ½ Benâ€™s Burger: Benâ€™s Burger: Price is 1,360 KES, prep time is 12 mins, dietary info: Contains Meat, Contains Dairy, Contains Wheat. | ğŸ’° 1,360 | â± 12.0 mins | ğŸ¥— Contains Meat, Contains Dairy, Contains Wheat<br>ğŸ½ Double-Double Burger: Double-Double Burger: Price is 1,670 KES, prep time is 15 mins, dietary info: Contains Meat, Contains Dairy, Contains Wheat. | ğŸ’° 1,670 | â± 15.0 mins | ğŸ¥— Contains Meat, Contains Dairy, Contains Wheat<br>ğŸ½ Grilled Chicken Burger: Grilled Chicken Burger: Price is 1,260 KES, prep time is 12 mins, dietary info: Contains Meat, Contains Dairy, Contains Wheat. | ğŸ’° 1,260 | â± 12.0 mins | ğŸ¥— Contains Meat, Contains Dairy, Contains Wheat<br>ğŸ½ Crunchy Chicken Burger: Crunchy Chicken Burger: Price is 1,290 KES, prep time is 12 mins, dietary info: Contains Meat, Contains Dairy, Contains Wheat. | ğŸ’° 1,290 | â± 12.0 mins | ğŸ¥— Contains Meat, Contains Dairy, Contains Wheat<br>ğŸ½ Grilled Chicken Cheese Burger: Grilled Chicken Cheese Burger: Price is 1,300 KES, prep time is 12 mins, dietary info: Contains Meat, Contains Dairy, Contains Wheat. | ğŸ’° 1,300 | â± 12.0 mins | ğŸ¥— Contains Meat, Contains Dairy, Contains Wheat<br>ğŸ½ Veggie Cheese Burger: Veggie Cheese Burger: Price is 1,120 KES, prep time is 12 mins, dietary info: Vegetarian, Contains Dairy, Contains Wheat. | ğŸ’° 1,120 | â± 12.0 mins | ğŸ¥— Vegetarian, Contains Dairy, Contains Wheat<br>ğŸ½ Grilled Chicken Fajitas: Grilled Chicken Fajitas: Price is 1,170 KES, prep time is 12 mins, dietary info: Contains Meat, Contains Dairy, Contains Wheat. | ğŸ’° 1,170 | â± 12.0 mins | ğŸ¥— Contains Meat, Contains Dairy, Contains Wheat<br>ğŸ½ Cheese Quesadilla: Cheese Quesadilla: Price is 960 KES, prep time is 10 mins, dietary info: Contains Meat, Contains Dairy, Contains Wheat. | ğŸ’° 960 | â± 10.0 mins | ğŸ¥— Contains Meat, Contains Dairy, Contains Wheat<br>ğŸ½ Veggie Burrito: Veggie Burrito: Price is 1,260 KES, prep time is 12 mins, dietary info: Vegetarian, Contains Dairy, Contains Wheat. | ğŸ’° 1,260 | â± 12.0 mins | ğŸ¥— Vegetarian, Contains Dairy, Contains Wheat<br>ğŸ½ Chicken Burrito: Chicken Burrito: Price is 1,520 KES, prep time is 15 mins, dietary info: Contains Meat, Contains Dairy, Contains Wheat. | ğŸ’° 1,520 | â± 15.0 mins | ğŸ¥— Contains Meat, Contains Dairy, Contains Wheat<br>ğŸ½ Butter Chicken Korma: Butter Chicken Korma: Price is 1,420 KES, prep time is 15 mins, dietary info: Contains Meat, Contains Dairy. | ğŸ’° 1,420 | â± 15.0 mins | ğŸ¥— Contains Meat, Contains Dairy<br>ğŸ½ Swahili Coconut Fish Curry: Swahili Coconut Fish Curry: Price is 1,580 KES, prep time is 15 mins, dietary info: Contains Fish. | ğŸ’° 1,580 | â± 15.0 mins | ğŸ¥— Contains Fish<br>ğŸ½ Breaded Fish: Breaded Fish: Price is 1,580 KES, prep time is 15 mins, dietary info: Contains Fish. | ğŸ’° 1,580 | â± 15.0 mins | ğŸ¥— Contains Fish<br>ğŸ½ Grilled Fish: Grilled Fish: Price is 1,630 KES, prep time is 15 mins, dietary info: Contains Fish. | ğŸ’° 1,630 | â± 15.0 mins | ğŸ¥— Contains Fish<br>ğŸ½ 1/4 Chicken and Chips: 1/4 Chicken and Chips: Price is 710 KES, prep time is 10 mins, dietary info: Contains Meat. | ğŸ’° 710 | â± 10.0 mins | ğŸ¥— Contains Meat<br>ğŸ½ Homestyle Chicken Dhania: Homestyle Chicken Dhania: Price is 1,330 KES, prep time is 15 mins, dietary info: Contains Meat. | ğŸ’° 1,330 | â± 15.0 mins | ğŸ¥— Contains Meat<br>ğŸ½ Grilled Chicken Breast: Grilled Chicken Breast: Price is 1,380 KES, prep time is 15 mins, dietary info: Contains Meat. | ğŸ’° 1,380 | â± 15.0 mins | ğŸ¥— Contains Meat<br>ğŸ½ Roast Half Chicken: Roast Half Chicken: Price is 1,510 KES, prep time is 15 mins, dietary info: Contains Meat. | ğŸ’° 1,510 | â± 15.0 mins | ğŸ¥— Contains Meat<br>ğŸ½ Teriyaki Chicken Stir Fry: Teriyaki Chicken Stir Fry: Price is 1,560 KES, prep time is 15 mins, dietary info: Contains Meat, Contains Soy (sauce), May contain Vegetables. | ğŸ’° 1,560 | â± 15.0 mins | ğŸ¥— Contains Meat, Contains Soy (sauce), May contain Vegetables<br>ğŸ½ Teriyaki Beef Stir Fry: Teriyaki Beef Stir Fry: Price is 1,560 KES, prep time is 15 mins, dietary info: Contains Meat, Contains Soy (sauce), May contain Vegetables. | ğŸ’° 1,560 | â± 15.0 mins | ğŸ¥— Contains Meat, Contains Soy (sauce), May contain Vegetables<br>ğŸ½ Grilled Fillet Steak: Grilled Fillet Steak: Price is 1,660 KES, prep time is 15 mins, dietary info: Contains Meat. | ğŸ’° 1,660 | â± 15.0 mins | ğŸ¥— Contains Meat<br>ğŸ½ Mushroom Fillet Steak: Mushroom Fillet Steak: Price is 1,660 KES, prep time is 15 mins, dietary info: Contains Fish, Contains Dairy. | ğŸ’° 1,660 | â± 15.0 mins | ğŸ¥— Contains Fish, Contains Dairy<br>ğŸ½ Pepper Steak: Pepper Steak: Price is 1,740 KES, prep time is 15 mins, dietary info: Contains Meat. | ğŸ’° 1,740 | â± 15.0 mins | ğŸ¥— Contains Meat<br>ğŸ½ Duo Star: Duo Star: Price is 1,450 KES, prep time is 15 mins, dietary info: Contains Meat (Beef & Chicken), Contains Soy (sauce), May contain Vegetables. | ğŸ’° 1,450 | â± 15.0 mins | ğŸ¥— Contains Meat (Beef & Chicken), Contains Soy (sauce), May contain Vegetables<br>ğŸ½ The Plot Chickens (BBQ Chicken Pizza): The Plot Chickens (BBQ Chicken Pizza): Price is 1,120 KES, prep time is 15 mins, dietary info: Contains Meat, Contains Dairy, Contains Wheat. | ğŸ’° 1,120 | â± 15.0 mins | ğŸ¥— Contains Meat, Contains Dairy, Contains Wheat<br>ğŸ½ Hawaiian-Twist (Sweet & Sour Pineapple & Beef Sausage Pizza): Hawaiian-Twist (Sweet & Sour Pineapple & Beef Sausage Pizza): Price is 1,120 KES, prep time is 15 mins, dietary info: Contains Meat, Contains Dairy, Contains Wheat, Contains Fruit (Pineapple). | ğŸ’° 1,120 | â± 15.0 mins | ğŸ¥— Contains Meat, Contains Dairy, Contains Wheat, Contains Fruit (Pineapple)<br>ğŸ½ Margherita Pizza: Margherita Pizza: Price is 1,010 KES, prep time is 15 mins, dietary info: Vegetarian, Contains Dairy, Contains Wheat. | ğŸ’° 1,010 | â± 15.0 mins | ğŸ¥— Vegetarian, Contains Dairy, Contains Wheat<br>ğŸ½ Steak Sensation Pizza: Steak Sensation Pizza: Price is 1,150 KES, prep time is 15 mins, dietary info: Contains Meat, Contains Dairy, Contains Wheat. | ğŸ’° 1,150 | â± 15.0 mins | ğŸ¥— Contains Meat, Contains Dairy, Contains Wheat<br>ğŸ½ Egg and Cheese Burrito with Steak and Egg: Egg and Cheese Burrito with Steak and Egg: Price is 1,440 KES, prep time is 12 mins, dietary info: Contains Meat, Contains Eggs, Contains Dairy. | ğŸ’° 1,440 | â± 12.0 mins | ğŸ¥— Contains Meat, Contains Eggs, Contains Dairy<br>ğŸ½ Chips spiced or regular: Chips spiced or regular: Price is 430 KES, prep time is 5 mins, dietary info: Vegetarian, Vegan. | ğŸ’° 430 | â± 5.0 mins | ğŸ¥— Vegetarian, Vegan<br>ğŸ½ Potato Wedges spiced or regular: Potato Wedges spiced or regular: Price is 430 KES, prep time is 5 mins, dietary info: Vegetarian, Vegan. | ğŸ’° 430 | â± 5.0 mins | ğŸ¥— Vegetarian, Vegan<br>ğŸ½ Chips Masala: Chips Masala: Price is 580 KES, prep time is 6 mins, dietary info: Vegetarian, Vegan. | ğŸ’° 580 | â± 6.0 mins | ğŸ¥— Vegetarian, Vegan<br>ğŸ½ Mushroom Chips: Mushroom Chips: Price is 740 KES, prep time is 7 mins, dietary info: Vegetarian, Contains Dairy. | ğŸ’° 740 | â± 7.0 mins | ğŸ¥— Vegetarian, Contains Dairy<br>ğŸ½ Chips & Beef Sausage: Chips & Beef Sausage: Price is 740 KES, prep time is 7 mins, dietary info: Contains Meat, Contains Dairy. | ğŸ’° 740 | â± 7.0 mins | ğŸ¥— Contains Meat, Contains Dairy<br>ğŸ½ Loaded Fries: Loaded Fries: Price is 1,260 KES, prep time is 12 mins, dietary info: Contains Meat, Contains Dairy. | ğŸ’° 1,260 | â± 12.0 mins | ğŸ¥— Contains Meat, Contains Dairy<br>ğŸ½ Steak Pie: Steak Pie: Price is 510 KES, prep time is 10 mins, dietary info: Contains Meat, Contains Wheat. | ğŸ’° 510 | â± 10.0 mins | ğŸ¥— Contains Meat, Contains Wheat<br>ğŸ½ Beef Sausage Roll: Beef Sausage Roll: Price is 520 KES, prep time is 10 mins, dietary info: Contains Meat, Contains Wheat. | ğŸ’° 520 | â± 10.0 mins | ğŸ¥— Contains Meat, Contains Wheat<br>ğŸ½ Hotdogs (Al a Carte): Hotdogs (Al a Carte): Price is 700 KES, prep time is 7 mins, dietary info: Contains Meat, Contains Wheat. | ğŸ’° 700 | â± 7.0 mins | ğŸ¥— Contains Meat, Contains Wheat<br>ğŸ½ 2 Hotdogs with Chips: 2 Hotdogs with Chips: Price is 860 KES, prep time is 10 mins, dietary info: Contains Meat, Contains Wheat. | ğŸ’° 860 | â± 10.0 mins | ğŸ¥— Contains Meat, Contains Wheat<br>ğŸ½ Chicken Wings 5 Pieces: Chicken Wings 5 Pieces: Price is 750 KES, prep time is 10 mins, dietary info: Contains Meat. | ğŸ’° 750 | â± 10.0 mins | ğŸ¥— Contains Meat<br>ğŸ½ Chicken Wings 10 Pieces: Chicken Wings 10 Pieces: Price is 1,170 KES, prep time is 15 mins, dietary info: Contains Meat. | ğŸ’° 1,170 | â± 15.0 mins | ğŸ¥— Contains Meat<br>ğŸ½ California Garden Salad with spicy chicken: California Garden Salad with spicy chicken: Price is 1,100 KES, prep time is 10 mins, dietary info: Contains Meat, Vegetarian option. | ğŸ’° 1,100 | â± 10.0 mins | ğŸ¥— Contains Meat, Vegetarian option<br>ğŸ½ Grilled Chicken Strip Salad with honey mustard dressing: Grilled Chicken Strip Salad with honey mustard dressing: Price is 1,120 KES, prep time is 12 mins, dietary info: Contains Meat. | ğŸ’° 1,120 | â± 12.0 mins | ğŸ¥— Contains Meat<br>ğŸ½ Spicy Thai Chicken Salad: Spicy Thai Chicken Salad: Price is 1,280 KES, prep time is 12 mins, dietary info: Contains Meat. | ğŸ’° 1,280 | â± 12.0 mins | ğŸ¥— Contains Meat<br>ğŸ½ Apple, Carrot & Roasted Cashew Salad: Apple, Carrot & Roasted Cashew Salad: Price is 1,080 KES, prep time is 10 mins, dietary info: Vegetarian, Contains Nuts. | ğŸ’° 1,080 | â± 10.0 mins | ğŸ¥— Vegetarian, Contains Nuts<br>ğŸ½ Add Chicken Breast (extra): Add Chicken Breast (extra): Price is 450 KES, prep time is 5 mins, dietary info: Contains Meat. | ğŸ’° 450 | â± 5.0 mins | ğŸ¥— Contains Meat<br>ğŸ½ Tea (Regular or Masala): Tea (Regular or Masala): Price is 250 KES, prep time is 5 mins, dietary info: Vegetarian. | ğŸ’° 250 | â± 5.0 mins | ğŸ¥— Vegetarian<br>ğŸ½ Americano: Americano: Price is 350 KES, prep time is 5 mins, dietary info: Vegetarian. | ğŸ’° 350 | â± 5.0 mins | ğŸ¥— Vegetarian<br>ğŸ½ Latte: Latte: Price is 450 KES, prep time is 5 mins, dietary info: Vegetarian, Contains Dairy. | ğŸ’° 450 | â± 5.0 mins | ğŸ¥— Vegetarian, Contains Dairy<br>ğŸ½ Cappuccino: Cappuccino: Price is 300 KES, prep time is 5 mins, dietary info: Vegetarian, Contains Dairy. | ğŸ’° 300 | â± 5.0 mins | ğŸ¥— Vegetarian, Contains Dairy<br>ğŸ½ Small Fresh Juice: Small Fresh Juice: Price is 350 KES, prep time is 5 mins, dietary info: Vegetarian, Vegan. | ğŸ’° 350 | â± 5.0 mins | ğŸ¥— Vegetarian, Vegan<br>ğŸ½ Pineapple: Pineapple: Price is 160 KES, prep time is 1 mins, dietary info: Vegetarian, Vegan. | ğŸ’° 160 | â± 1.0 mins | ğŸ¥— Vegetarian, Vegan<br>ğŸ½ Mozzarella or Halloumi Cheese: Mozzarella or Halloumi Cheese: Price is 230 KES, prep time is 1 mins, dietary info: Vegetarian, Contains Dairy. | ğŸ’° 230 | â± 1.0 mins | ğŸ¥— Vegetarian, Contains Dairy<br>ğŸ½ Mushroom: Mushroom: Price is 270 KES, prep time is 2 mins, dietary info: Vegetarian, Vegan. | ğŸ’° 270 | â± 2.0 mins | ğŸ¥— Vegetarian, Vegan<br>ğŸ½ Beef Sausage: Beef Sausage: Price is 340 KES, prep time is 2 mins, dietary info: Contains Meat. | ğŸ’° 340 | â± 2.0 mins | ğŸ¥— Contains Meat<br>ğŸ½ Beef: Beef: Price is 430 KES, prep time is 2 mins, dietary info: Contains Meat. | ğŸ’° 430 | â± 2.0 mins | ğŸ¥— Contains Meat<br>ğŸ½ Chicken: Chicken: Price is 430 KES, prep time is 2 mins, dietary info: Contains Meat. | ğŸ’° 430 | â± 2.0 mins | ğŸ¥— Contains Meat",1.0
2025-11-29T12:41:09.651636,Do you deliver?,ğŸšš We offer delivery within Nairobi. Delivery charges may apply.,1.0
2025-11-29T12:41:09.687389,Vegan burger options?,"Sure do! Try our Veggie Burger, salads, or smoothies. Weâ€™ve got a few vegan choices too.",0.7322509288787842
2025-11-29T12:41:09.689783,Delivery zones?,ğŸšš We offer delivery within Nairobi. Delivery charges may apply.,1.0
2025-11-29T12:41:09.718987,What desserts do you offer?,"Yes, ask our staff for sugar-free desserts available today.",0.6991546154022217
2025-11-29T12:41:09.744897,Do you have gluten-free pizza?,"Yes, gluten-free bread is available on request.",0.7049026489257812
